,sequence,N_A,N_C
0,CBDCDDDCBCCBDDCBDBCCBDDBCBBDCCDDABCDCDDCCCBCBCCDDCBDDBBDDBCCCCDCBDCCDDBCBDCDDBBDDDBDDBDCCCCCDBDCBCCD,1,37
1,CCDDDCDCCCDDCBDBDBBCDBBDDDCCCCCCBDDCDDCDBDCBDCCBCDADCCCCBDCBDCDCCCDDCDDDBBCCDCDDCBCDDDDBCBBCBDCCDDDC,1,40
2,CBDDBBDBDDCBCBDBBBBBBCBCCCDCBCBBBCDBCBDBCBDBBCCDABBBDBCBBDBCDDBBBBBCACDBDBDBDDDBDCCBCBCDBBCCBCCBDDBD,2,26
3,BBDBBCCCDCCCDDDCDDACCBDDDBBDCDCBBDBCBBDBCDDCCDCBDCDDCCACCCDBCBBCCCCDCBDDCDDDCDDCBCBDBBBDDCBCBDDCDBCD,2,36
4,BBDACCBBBBBBBBBCBDBBBDDBBBBBDBBBBCBDBBADCBBBDCBBCDBBCCBCBCBDCDBCDADDBBBBBBDBBCCDBBBBBBBCBBCBBCBBBDBD,3,18
5,BDDBCDCBBBBBDBBBBADBCBDCBDBDCADBBCCBBCCCCCCBBDBDBCBBBCCBDCBBDCBBBBDCCCCDDDDBBBADBBBBBBDDDBBBBBDBBBBC,3,23
6,BDDDCDCCDBDDDCBCCBDBCCDCCBCCDDABBBBDDCBBCBCBCDCBABABBBDCCBBCCBBDDBBCBDDBBBBBBCDBBCBBBCBCBBBDDDCBDDBD,3,27
7,DBBCCCCBDCCCDCDDBBDDDDBDBDBDDBBBDBDBBDCCBCCDCDBBBBCCDCCDCCBDCACCDCBCBDBCADDDDACCCCDDBDDCBBCDCCDBBBCD,3,34
8,BACCCDBBCBBDCCDDDCDDCCCCDCDADDDCDBCDBBDCDCBBCDBDDCCCDBDDCDCCBBDBCDDBCDCCDCCDCBDDBDDCDCCCCBDCBCACDDBD,3,38
9,BBCBBDCBBBBBBDDDBBBCCBCDBBDBBBBBDBBCDBBBBBBBBCBBBBBABCBBBBBBBBBBBBCCBDBBDBBBABBDBBBCCBADBBDBCDBBBACB,4,14
10,BBBDCBCCCBCDBCCCDDBDCCBDDDBCDBBBBBDBCDDCBDBCBCBBCBBBBCBBDBDACABCBDCCBCCBBBADDDDBBBDADBBDCDCBDBBBBBDC,4,26
11,CBDCBDDCDBBDCDADDBDDBBCCDBCCCCBBDDDBCCBDCCBBDBADDDADCBCBBBDBBBCCBDCCBCCBBDCBBCDDACCDCDDDCDBDBCDCCDCC,4,33
12,CDCDDCDBCCCBACCCBCBDCBDACDCCDDDDCCDCDBADDCDCCCCBBDDBCCCDCDDDCDCDDDDDDCDDCDDCDBCCDDDCDCCDBCCACCCDBDCD,4,42
13,BBBBDBBDBBBDDBBCDBADDABBCBDBBBDCBBDBBBBBBCBCBADBBCBBBBDCCBBACDCCCBBDCDBBBCBBBBBBBDBDCCABBBCCDBCCBBDD,5,20
14,BBDDBDACCCDBBBCCCCCCBCBBDCCCCBBDABDBCDDBBBBBBCCDADBABBCBBBBDDBBDCBBBDCCCBDDBBBDBDDBBBDBDABBDDBCCBCBD,5,25
15,BBBCCCBBBBDBBBBBCBBBCDDCBACDBDCBBBBCBDABBDDCBDDBDDCABBCBCDCBCABCDDDDDBBCDCCCBBDBBBCBBCDCBDCDBBABDCDB,5,25
16,BBBBCBBDDCBBBDCBBCCCCAADDBBBBBCCDBDCDCBCBDADDCCBDDCBDCCCBBDBCDBBDBBCCBDCCCDDDACDBBBDBBBCDBCDBDCDADBB,5,28
17,CCBCDDBCDBBDCBDCADBDACBDBCDCBBCCBBADCCBCDCCCCCDDCCDCDBBCCCDDCDCBCDDCADDBDDCCCCDDDADDCDBDDCCCBBDBDDDD,5,37
18,CCCBDBDBBCAACCDBCDDCDCBCDCDDCDCCDDCDDCCCDDABDCCCCBBBBDDDDCDDDDDCDCDCDDCBACACBCCDCCBDCBDDCBCDCDBCDCDD,5,39
19,BCBBDBCCBADBBBBCBCBBDBCCBBCCDBCCCDBDBDBACCAABBBDCCBDCDDCCBCACBCBBDDDBBCDADBDDCBBDBDBDBBBBDBBCBBDDBBD,6,25
20,BBBBBDCBDBCACCCDBCDBACCDDBBBBDDDCCBDDBDDDCCBCCCDCCBBBCBDCDADDBBBDDBDBABBDCDBBBCCDBDDBCCBCCBACABCBBBD,6,28
21,BBABCCCCCCDDBDDBBDDBDCBBBDDCCCDBCCBDACBBBDBBDCCCCCBDDBCCAABCCCBBDBCADDBCBCDBDACBBDBBCDDDDDCBBDDBDBCD,6,30
22,CCDCBBCCBDCCDDBBDDACBBCBDDACCCDDBCBDACDDBDDBDDBBCDBBDBBDABCCDDBCDACCABCDDBCDBBDBCBBBBBDCCCBCCBCDDDCC,6,31
23,BCBBCDCCCCCCDCDBDBCCCBBDCCDCCDDDADDBADDDCDCDADBDDDDBDDDDBBCBCDCBDCCDCCCCCBCDDDCDBCCDACBCABCBDDABDCCD,6,37
24,BCBDDDCBCDBCCCBACCBBDCDBDCCDDDADDBACBCDBCCBCDDABDDACDCCDDBDDCCCBDDCCCCDCDDCDCCDDCACDCBDBDDCBDDCBCCDB,6,37
25,ABCDBDBCBCDCDBDACBABBBBDBBCBBBBBBBBCDDBCCBBBBBBBCBBBBBBBCBBDDDBBCDDBCBBBBCBBDDAABDBBDBDABCCBCBBDABCC,7,19
26,ABCBDCCCBDBBBCCDADBDBBDBDCBCBDBBBDBBBDDCCBDADDBCCCBDBDBBBDABBDCCCDCCBBDBAACBBCBBCABBDBDBBDDCCDCBBBBC,7,25
27,BBBDBCCBCACBDCCCCDBBBCABDABADDDADBBBCDCCDBBBCBCCBBBCDDBBBBBBBBDBCCBBDDDBDBDBCABDCDDBBDCCCCBCABBBDDDB,7,25
28,BBBCDCCDBCDBBBDCDCCDDBAABDCCBDCBCCBDBCBDBCBBBCBABBBCBABBDBCBCBDDDBDADBADDBCBDDBCCBCCDDBBABBBDDCDCBCB,7,26
29,CBDBBBCBBDDDADCBDDBBBAACCCCDCACACDBDBBDCDBDBBBBABBCDCDCACBCBBCDBBBCDBDBDBDCDBBDDBBCBCCBBDCBBDDCCCDBC,7,27
30,ADCCBABDAABBDBCBABCBCDACBBBDCDDBBCDDDDBBCCCADBBBBBCBCCBCCDBDBCBBDDBCCDBBDDBDCDCBCDBCBDBCBDDCDBBBCBDC,7,27
31,ADADBCDBBDCDCCCBBDDDCDCBBDACDCCDBCBDDCDDCDDCABCCDBDBBCBCDCDBCDDDDDCDDCCDAACCDCCCBDCDCBBDCCDCBBCBBABC,7,35
32,CCDCCCDCCBADDDDCCCBBCBDDADCDDBADBCDDBDBDDCBACCDBCCBBBBDCDDDCCBCACDDCCCDADACBBCBCBDBCCDCDDDDCCDDBCCDD,7,36
33,BCDDBCDBBDDACBCBDBDDBBBCBBABCBBCACBDDBBCABBCBBABCCBCCBADBCCBDBBCBDBDDABCDDBCDCCBDBBDBBDDCDBABBBBBBBC,8,23
34,AADACCBDBBBDBCCCBDCBCBBBACBBDDDCBCBBCADBBABDDDCABDBCDDCBACDDBDBBBBCBBBCDCBCBBBDCDDBBCBBCDBCBBBDDCBDC,8,25
35,ADCBDACBDCCBDDBCCBDDBCBCBBABCACCBCBCBADCBDBCBBCCCBBDCCDBBDDDDCBDCBDDBDBBBBBBADCBDBBBBBDCADCDABDBBCDB,8,26
36,ABDCBBCCCDBBCCDBDCBCCDDABBDCDCDDDCDDDBDDCDBCCCDDBCBACAABDDCDCCBDDBDDCBADCCCCDCDDCBCDDBBACCABBDCCBDCB,8,34
37,CCCDCCDCCCDBDDBDCBCCCDCADDACACCBCCBCDBADDCDDDDCDBDBDBBBADABCDCADBDDCABDCCCDCDDBDBCCCDBBCDCBDBDDDCCCD,8,36
38,BBBDDABBBBDDCAABDBBDBCCBBCBBBDDBBBCDBBCDBBCCBCDBBBBDBDCBBBDBBCBABCDDABCBBACABCDBBBCCBBDCADCBBBCBDDAC,9,21
39,CBCCCBBBADBBBBDCBCCDDBBCDBCDBBDBDBBCBBDBADABABBCBDDDCCCBDBCBCCCBACBCBCBCDADBBDBDBABCBABDABBBBBDDDCDD,9,24
40,CBBCDCDBCCDCCBACDBBBCDBBBCDDCBABBBDCCACBBCBADBDBDBCBCABDDDBDBBBDBBBBCDBBADBCCADCBBCDDBCDBDCBADBBCBAD,9,25
41,BDBDBBBCDDDABADBAACCCACBCBDBCDBCDBBCCBCDCCDDCABBBBCBCDDCCCADBBDABBACCBCBDDDDBDDBCDDBBBBCDDDBCBBBBCBC,9,27
42,BCBDBBBBABCBDCBCDBCBDCDDBDABDBCBCCACDCDCBCBBABCDDBBCBDBCCCBDCBDBBBDDBACBDCADDDDDBBBDBBDCCDCAACDCCADC,9,28
43,CDCDBDCCCDBDDDBABCBDBDCBABBBCBCADCDBBDBBBCADBDBCCBCBCCCDCBCCCBDABDCDDCDCDBCBABDCCBBBDBBCDCBBDADAADDD,9,29
44,ADDCBDDBABBCCCDBBBCCDBCCCCCADBCBDDBCDCDBCCBDCBBBBDDBDBDDBABCCCDBCCCADBBBCBDCCADBCABBDDDBDBDDCACBDABD,9,29
45,BDBDDDCBCADCCCCDCBDBCCBDDBDDDCDCDCBCBCCDDCDCCDBDDDACBDBBABBADBADCBCBDBAABBBBCBCDCBADDDDCCCCBACBCDCDC,9,32
46,AABCBBCDCBDBBCCDABBCDCCDCDBDCCDBCBDBDDDABBCBCBBDDDADACBDDCCDCCCDDCDBCCCBDBDCDADBCDCBCCDDCDDBABCDACCD,9,33
47,BDCBCBBBCCADDCCBCBCABDDCCBABDDACDBCDDCDDCCBCDCBDDCCADDDDDDCDDBBCCDCDCAABADCBACCDDDBCBBDBCCBDDDCCCCBD,9,34
48,BACCACCDDCDCDCCCDDCBCCCDADCABDDBCDCCDDDCDCCCCCCCCDCBBCDDCDCBDBCAADDDBCDDACDDDBCBDDDDDDCBBCDDDACADDCC,9,39
49,CCABBDBBBBDCBDACCDBBCBBBBCCBBBCBDDCBDBBDBBCCBBADABBCBABDCCBBBCBBABBDBBBABCCBDBBBDBBABDDBABBBBDBDBBAD,10,18
50,BCBCBBDDCCCBBDDBBBCBBBCCBDBDBDBBBBBBBBDBADBBDBCCBDBBCBBDDBBDBBABABBDABBCDBACACCBABDCAACBBABBDCDCBBDC,10,20
51,AACBDBBDBBBDABDACBBBCCBBDDBDBDBDBCDBBBCCDCCBBBBBBDBCBBBCBDBBCCBBCCBDAABBDBBBDDABDCCBBBBDBABBBDCCACAB,10,20
52,BBACBCDCDBCBABBBBDDCBBDCCBBBCBADBDDBBBBBBCCBDBBDDABCCCADBAACCDBCCBBBBDBBBBBDDBBBBCBCBCDADBBACADBDCDD,10,22
53,BBDBCDDDBDDBBBCBDABDBCACDBBBADCBADCBBBCCCDCADABBBCCBBBBBBBCBCBDCBCBDBABCDBBBCCBABBCADBDDCDBCDBDACBDB,10,23
54,BDBBCBACBCBAABDBBCDCBCDBCDABBCCBBBBCCCADBDBABCCCCACDDDDBCDCCBDBBDCBADCBBBABDBDDCBBCDDDBCBCDCDADDDBDB,10,27
55,BBBCBDDACCBCADCDDCBCACBCBBDBCDBCDDDBACBCDBBBCDDAACCDBDADCBBCBBDADCABBDCCCDCDBDBCBBDCACBBBDBCDDBCDCDD,10,29
56,BABBCDDBACBADBDDBDCCABDABDCCACDDBDDBCCBBDCDDADCBBDCBCBBDDDBCDBCDCBAACBDCBCCBBDDDCDBCCCCADBCCCCCDDBBB,10,30
57,BDDABDDACDBCDABDCCCABDBBBDDDCBCBDBCADCDBBBBACDBCCCBBDCDDACCBBCCBBCDDDBDADCCACCBCCCDCBDBDBDCDCBACBDBD,10,30
58,CDDDDDCBCCDABABBBABBDBDCCDBBACCDCBCCCBCADBCBBDADADDABDCCDDCCBDCBBBDADCCBBDBCDCDCDCCBDDACCCDCCCDBDBDD,10,32
59,BCDDDDDDBCBCBACADDCCBBBCCBCDACADBDDCCCCAACCDDDBDCCDBDCBBAACCBDDCBBCBADBCDDCDBCDDBDCBCBCBCCDDDADBBCDB,10,32
60,CBDCDABDDCCDBACCDCDCCAACCACBBBBDDDCADDDCDBADBBBBDBDCDBABDCDCDBBDBCCCCCDBCDDCBBDDCCCDCADBBCCDCDDCABDC,10,33
61,BDACCDDBACBDBDADCBDDCCCCDCADCBDCCDBCCDDADDBDCCDDBCDCADDCBDBBBCBBCBDBDCDDCDADCBDCBCACBBCAADCCCBBDCCBD,10,33
62,CDADDBCCCDDBBCCBDDDCCDDBCDABCDCBBCBDDCCDDCCAACDDDCDBCCDCACADBDABADDCDCDACDCCDDBBCCBCDCCCBCDDACDCDDCD,10,37
63,AACBDCBDADDCADDDCDBCBCCBAAACCDCCDCDBDDDBDDCDDDCDDCBCCDCCCCCDCDBCDCCDDDDDDBCACDABCDDCBCCCDCACBCDCCDDB,10,38
64,CCCDDDDDBDDADBCCACBDDDBCCADBBDCCDBDCCCCDADABBDCDCACDCDBCBADCCDBCBCADCCDDDDDDCCDACCACBDDCCDDCDCCCCDDC,10,38
65,BBCDCBCBBBCDBCDBDBBBBBDBDBBBCDCBCCDBAAABBBBBCDCDCBBBCBAADCBBBABBDDBCACBADABDDBBABBABBBBCCBBBDDBBCDBB,11,19
66,BDBBCDAABDBDBBBCDABBBBADCABADCCBCBBCCBBBBBBADBDDBDBDBBBBCBBBBBCCBDDDCACDBBBABADBADDBBCBCBCBBCBBCCBCD,11,20
67,BCBDBCBBBDBDCBBBBBDBDCBBBBCBBCDACBCDABBBBBACBBBBDAADCBCDBADDDCCCBCBDDBACABBDABCDDCBCDBACBADBBCBBBBBD,11,21
68,ABDBBBCCBCABDBDBABBCCDDBCBACBBBBBBABBBABCCCCCDBDBDBDABBDBBADBABBBDBCDCDABBBDBCDBCADBCDCDCCDDCDBBDCBC,11,23
69,BCBBBCADDCBDABBABCBBDCDBBBCBDCCAACBDCCBDCDDDAABDDBDCBDCDACCCDCBBADDCDBDBDBDCBCCCDBCCBBDACCACBDDBDCBD,11,29
70,CBBBCABDBCBDBAACDBBDDCCBBBDCDDDCBDCBBDDDCBADBCDAABAADCBDDDBADDDCCCCDCCBCCCCBCDCCDADBBABBDCCDDDCDBCCC,11,31
71,CBDCABBBCCCBDDCBBDDADBCDCDDADBDDDCDABDBDDCCCBCDCCBACCAACCDDBABBDDBDCDDCDABBCCBBCCDCDCBABBCBDDCCCDACD,11,32
72,CCBCDDABCDDDBCBADCADDCDCCDBBCDDBDCCBDBDCDCCBABDCDCDCADBDACBCCBDDDBDCDCDADACCCCBCCBCDBCCACDABBADBDDCD,11,34
73,ACAACCCBDDCBBDBCCDDCBCCCDDDDCDCDCDCCDDCDCCCBDCABCCCCBDABDACACDDDABDCCBCDCDDDBCDDCCAADDDDBBCBDADDCDCD,11,37
74,BCCCCCDDBDCCDDCACBCCDCDCBABDADDACCCADCCCBDCDCDCBACDCCDDDDDACACCBDBDDACCDADDCDBBCDADCDCCDDBCDDDCDDDBC,11,38
75,ABDACDCCDCCDDBDBDDCCCADAADCDCDCCCCBDABCBDDADDDCDCCCCBDDCADCDBCCDCDCCCCADDDDDCCCCDDCDDDDCCDDCDAADCCCB,11,40
76,CCCDCCCCDCDDCDCAACCDDCCDDCDCDDCDDDBBDCDDACDCBCDAACDCCCCCDACDCCDCDADACDACADCCDCDDCDDDCCDDCDDDDDDACCDC,11,43
77,BBBBBCBBBBDBADBDDBBBBBBBABBBBDACCDBBCCBBCDCBACBCBBCBCACDDBDBDBBDACBABBBBABBBCBBBBABBBBBBADAADBBBBCDB,12,15
78,CCBDBDBBADBDBBBBCCBCBBBAADDBBBBBCBBBBCBBBBCCBBBBDBCDDCBBDDDBCBBABBBCDABDCACBBDBABAABAAABCDBBBBDBBDCC,12,18
79,BBBADBDDBDBBCCCBCABDBBDDAACBBCBBBCDBBDDCBDCCDABBACBBBBBBCDBCBBCBBBBBBABDBACCACDABDDBBDBACCACBBBBBDBD,12,20
80,BCBADCBADBBCBBBCBBBBBDBBBCBDBBBDACBDBBBBDBBBADBBBCDBCABDBDBDDCACBACCBBBBCCDABADBDADCBCDCBBACCBDBDBAC,12,20
81,ADBABCCBDADDDBCCBBCABBDBDCDBBCCCDBABBABDBDDAABABBBBCCDDBDCDACBCDBCACBDABBCBBBDDCDBBCCBDCBBBBCBBBBBDC,12,23
82,DBBCCDDADCDBCDCAABCBCCADDCAADBCCDCBBCBBDCBADCABDBDBBBBCBABBCDBCBCDBCDBDCBDDACBBDCDCBADBDBDDCCCBCADBD,12,28
83,BCCDCDCDDCCDADCCDCDCDCDCBCCDDDCCCDDDDCACCDCBDADDDCCDACDDDCCCDADDCDDDADDCCCBCCCDCACDAACCADCDDDDDCCAAC,12,42
84,ABBCCACBBCDDDBBBBBDBACCCDCABCBACBABBADCBBCDBCBBBBBBBBABBADDACDBBBBDBACCBCBBBDDBDCADBCBDBDBBDABBBBBDB,13,19
85,BBBBCAABDADCBBBCBBCDBDADBABDBBBBBBCCBBBBBCBDABCBAABACBCBDCBDBBBBBBDDAABACBCDBDBBDBCDDBDDDBCCDCBCCACB,13,20
86,BBBDCDABABBDBBDAACBBDCBBCCBBDDBDBBDCDABCAABCABBBABBDCABCBCABDDBBCCBBBBBDCABBBBDCCDCDCCDDBDBBBBDBBACC,13,21
87,BCDBDCABDDABBBBCCDCCDDDDCBCBCBBBBBCCBBBDDABACDDBCDBBCBDDBABCCABADBBCDDBACAADBDDBCCABBACBACDCBBBBBBDC,13,24
88,BBAABCBCACDDDABCBDCACCDDDADBBBBACBDDBDBACBBBBCCBDDDBCBCADBBBDCABBCBCBDABCABBCCDBDBDDDBABCDCBBCBCCCDD,13,25
89,CDBCCCCCDCDCABDDDCCDACACCCACBADCDBCBACCADCCDBDBDDDDCCDCCCDDBACACACDBCDACBBBCBBDDDADBDDDDDBCCDBCDDDAD,13,35
90,CCDACCDAADDCCBBCBCCACBADCCCDDDDCDCDADBBCDDCCBBBADDACDBCACBADACDACCCDCDDDCDCCDDDCDBDBDDACBCCDCBDBCBDD,13,35
91,CDCDAADBBBBABADCCCCDDAABCCDDBDBCACDACDCBAABDADCCCDCADCDCDBCDDDDCCDBDDCDCCBDBDCDDCBDCDBBACCDCDCCCCCDD,13,35
92,BBCCBCABCBCBBCBABDBBDACAABDDBBBBCDCBBBBDDCAABBDDBADBBBBABBBDBBBDCDBBDBBBBDBAABCBABBBCABBBCBDCCACBBDB,14,17
93,BACDBBCCBBBBCBCDDBCBACBBACDBBABABBBADBCDBBCADDBBBDABABBBBBBBCBBBDBBBDBADBADBCACBBCDDCBACBDDCBABCDBBB,14,18
94,AACBCACBBDBBDCDCBBDCBADBBBABBABBCBABCCADDBABBBDABBBBBBBDBCBCCBDCCBDDBBBBBBCDDBCCDBDDBDABDBBCBBABAACB,14,19
95,DBBBABBBCCBBCBCAABCABBBBADCBBCABABBADCDABBCDBDBDBCBADBBCBDCDDCBDABBDDBCBDCCABDBCBBCCBCBDDBBBDBABADCD,14,21
96,BBDCACADDCBDDBDCACDCBCABADBBABBDBCBDCDBACDDBDCBBDABDBBBBCCACDBDDBCDDCBDBDCACBCBDABABDACACCCDCCCCBBBD,14,27
97,ABCBBADBCBCDBDDADDBCBABDDABCCABDCADDCDDDCCCCCABBACCCBBDDCDCCADACBCBDABDACBBBCDDBCBCCDDCDBBDDDABCBBBB,14,28
98,CBCCDADBCDCCBBABCCCDADBBBCDADBCDDBCBCDDBBADDDCCDCBCCDDDCBDADACCBCAABCDBBCDCBACACCDADBBADBDBACBCDDBDD,14,30
99,CBBCBCCACDDCABDBDBBADBCDDDBBBCCBCACADCDACCDBCACDDDCDAADDBBBADBDDACCDDCCCBABBABCDBDDDCBDACBDCBDCDCCBC,14,30
100,BBBBABDDBDBCACDCCCDBBCACCDBBBDDCDCDADDCDDDDCCDBACDDCCCBADCADADDCBACCBBDABBDCCCCCDCDABACDBDCBCBDDAACB,14,31
101,BDDDDDCCCDDBBCBBABCBDCCDCDDBCACCDCCCCDDDACDACABBBDBCBDDDCCBDABCDDBABDADAACCACCACDCDDCCBDACBDCBDADCCD,14,33
102,BCDABACDCCCBBCCAADCBDBCDBDDDBACCDCADCBDDDDDCBACBDCBABBABDCADDADCDCCCCDDBBCABCCDCCDBBCDDCCDDCADDACCDD,14,33
103,DABCDBDCDACADDCCDDCDBCDADDADCDCDCCCCDBCDCCCCADDDDCBDDDCCACDCCCACACDBABDDCDACCCCCDDDAACDCDDDCACDDBCCD,14,39
104,BBAADBBBCDBADBABCBBBBABBBBCABBBBBCBBABBBABCAACBADBCCDDDCBBBDBBABDBDBDBBCDBBBABBCBBDBACBCBDCBBDBABCBB,15,15
105,BBBABCDBBCACDBDBBDBACCCCBABBDDBBBBABCDBCABCBCBCDCBDBBABBBBDCDABBBAABBDDBBBBACBBBCBDAAACABBDBDDBCDDCB,15,19
106,BDCBDBDCBCBCDDBACBCCDDADBBDBDBBABBACBCBABDBCABDBDCBBBACDDBBCAACCBBDDBBBBBBACCBBBABDBBACACBADCDACBBBD,15,21
107,ACBBBDDCACBDCBBABCBBACBCBCCBBBACDADBBDBCDCCCBDBDDADDBDBDBAABCDBBDBBBBBBBDDBCBACDBAACBBBBDBCBCAACDBAB,15,21
108,BBBBBBDABCDCBBCBACAACCBDCDDBBADDCADCCCDCCBDDBABBBCBCBBDBDDBCBBDDDCBACBDBACDBBBBBCDABAACBCBAADACDDBBB,15,23
109,BBBADDCAADDDBCBBBDBBDBBCDABCBDCADCAABDCCCBCDBCDBCCDADCDDCBBCCCBCBCDADDCAABCACDADBBBAADBBDDCDDCDBCBCC,15,28
110,ACBCCACDDCDBDBDCCDDDBDDDDDBABCDABBAACDCDBADBADCBBBABCBBABDCCBDDACCCDCABDBBBDCBBBCCDBABCACBCCABCDDCCD,15,28
111,ACADCACDBDABDDABCCCDCBDCDCDBDBBADACCBACDBBABDCABADDCDBBDDBBDCCDBBCCBDBBCADCBACBCDACBBDCCCDCDBDDDACCB,15,29
112,ACBBACDDAADBDCCDCCBBCCDBBCDCDBBAADDDDBDCCDBDCCDDCCADBBBDDDBBDDBDDACDBACBCCBDCACDACCBCCCACBDBCBAABADC,15,30
113,CBDCDABABACDDDDDCDCBABCBBACACCCADBCBDDCDDCACDCCADCCBBBDCDADBCCBADDACBDCBDCBDCCDDACADBCACDBBBDBDDCBDC,15,31
114,BADBADBBDABDDCCBBBDCDCDBADACABCACDCABBBBBACBBDBDBCBCDBCCDBBCBBABACBDCBCDBDAADBBBDBDBDCBBACBCBDABCBAC,16,22
115,CBCBDDBABCBCDBDBBCCCDBBABBCCCBACCDBDBBBBBDBDACCACADDABDADCDDBCDADCBDBADACBBCCAADBAAADCBBBBBCBDDDDBCC,16,25
116,BCBBCDABCBCCBCDCCAAADCBDBBBDDDBBDAACCABBCDDCCCDAAACBCDABAACCBCCDCDDBBDBBDCBDBCCBDCDBCADDDDCCDDDDBAAD,16,29
117,BDCBCDDCCDCDCCDDBCCCADDBDBACBBABDACCAAADBDDCCCBDDCCABDCCADBDBBCBADACDBDDCDDACDCABCDDBABBDCBABCBDBACC,16,30
118,BABCDDAAABBCCDBCAABADDCBBDBCCCACCDCBBCCBCCACBDCDDCBDDDCBCDBDDDDDABDBDDDCDBBADBBDBCCCACDAACACADCCDDCB,16,30
119,BDDBDBCDAACABCCBBDCCCDCBCDACCBCADCBCDADADDDCDADDADBDBDBBBDBACCCCDBCCDBDDACCCDCDDDCBAACCABCCDCBAADCDD,16,32
120,ADBACDCDBCACCCDDCDBDDBDCDBDCADBDABACBCDCDDCCDDCCACDBCDADDDDBDACDBBABCBACCCACDCCCDBAABCDABDACDCDDBCCC,16,33
121,CACACCDDBCCDCBDDCABDDCCDCADCBDBDCADDCCDBADCABBCCCCDAADBDACDDDCACBDBACCADCADDDBADCDDDCCCDDBBACBCCBDDC,16,34
122,BCDDBBADDBBBDCDBBBCDBDBBBABACADBACAABDBCBBCCBBBAABBAABBABCDDCCBDBDDABCDBABBBCCDBBABDCBCBDBBCACDABBCC,17,20
123,BDAADBDAABDCADDCABCDAADACABBCADCDCBBBBCCCDABBBBBBDCBBDBABCDBBCDCBADBCBBBCABBDDAABBDBBCBCCBBBCDBBCBBD,17,21
124,CCBCDDBCCCABDDCBCBBBBBDBBCBACBABCABBDABAAACDBCBACCBBDBAABDBDBADBABDBDBCDDDCDCCBBBABBBACBDADCBDDCBABD,17,22
125,BBDCCDBCBBADDBCDCCDBBBDDADCDBABBBBCABDBABBDABADBBCABCBCCCAACBBADBDCCDBCBDDCABCBABDBCCAADACBCDDDCBBAD,17,24
126,CABCDCADBDCCCCBABBBBBBBDDBCADBBDBDDBABDBDBBBDCCACDACDCCDAABBBBBCDCADDDBCBBDABDCCBACBDBCACABAADCADBBC,17,24
127,DBDCBADDCBADBBDCADBBAADCCCBBBBCABCCACBDBDCBBDDCCDDBBDCBABDAABCACBBDCCBBCADCBDBABDADCCCDBADAACDCBCBDD,17,26
128,BDBCCBDCBBCDDBABCACDDBDCABBDCCCDDCBCADDADBCBAAAADCBDCBCBACCDDDDCDBDCBCDDBBCADCABCBBABDACAAACCBDBBDDC,17,28
129,CACACBDCAADDDBDCADACBCCCCBADDDBBBDDBACCCBACCCBDCBBDCDACBDBDCBCADDBDCDACADBCABDBDABCCDDADBBCBDBDBACCD,17,29
130,BACABADDCDABCBDAACACACBCBDCDBDACCBDACDADADBCBDCBCDDCABACCBDCDDDCDACCCDCDADBDBBCDBABDDCCBCDBBBCBBDBDC,17,29
131,BDBDBADBCACBCDBBDBAADCCDDDBBCDACDCBADDBCCABCACACCCCCBADDCDBCADABCACBCBDBADDDCCDBDDADCBBCBACCADCCDDDD,17,30
132,CCCCDCDDCCDDDBADDCDCBAADDCACDDAACDBDBDCBDDBBBADBDCADCDCACACDCCDDDDBCCCBCCCACCADACCDDAADCDCDAACCDDDCC,17,36
133,BAACCDDCCCACACDCCCDBCDCCCDADCBABDCCCDCADCDBCDDDCDDAADCDBBCACCDCCDDACCDCCDAADCCCADDADDDDDBDDADDDADCBC,17,37
134,CADABBBDCBBBBDBDBCDBCBDCBACBCBADDBBBDBABDADCCDCABABACCBCABDBBABBCCDAADBBDBCBCABCBBBACBDDCABDCBABDABD,18,21
135,ABBDDDCBABCABDBCACBCCDDCCCCCBBDBCCCDBBBCDDADBDBBCABCBDABBCBBDACCDADDDABCBADAABBCAAACBDBBCBDDDAABDDCB,18,25
136,CBBDCDBADCCBAADDCBDBADCCBCBBABDDBDDADCDDCBCAADBBACCBCDAABDDACBDBCBBCABABCCBBBCBDBABCCACDADBCBDDBCABD,18,25
137,BBBACBDCCBAACACDABDBDABBCCDDCACAACADCDCBBCBDDCBCADDCABDDCBBDBCADDADACADDBDBCDCADCBCDCDDADBCDCCCBBBDC,18,29
138,DABDCBCCCACDCBBCCCBCDCDCADCCBDDDDABCDACCDADCABAACDABCBAABBCDABDBCDCDBACBBADDBDBDCDDABCBBBACCDBDDDCAD,18,29
139,CBCADDDDABCCCCDDBBDACBDBDDABBBBCDADBDDDDCBDDACACDCCDDABADACACCBCCDBBDCCBADABADADBCBCDCCCACACCBCCBDAD,18,30
140,ADDCBDBABDCCCABCADDCAACDDCDCCDDACDDACBBCDBAADDACDDDACCCBCCDCDBADDACBABDDDCCBBDCBCBBCBDCDCBCDABBCACAD,18,31
141,CCADAABBDDABDCDBDCBBDCCBDBADDDBDAADCCCDDADAABCACDCDBDCCCCBBACCDCDDCCBBCAADDABADDCACCCBADDCBBBDDCCDCC,18,31
142,CCDDBCBBCABDAACCCCDDBDDCCACCACDCDADDAACCADCCABBACDBDACDDDCDCABBBABDAADCDCDBBADDDBBACBBCCDBDCCCDCDBDD,18,31
143,BBCADBCDCDADDDAAADACCCADACBBCDDCCCACDCDBDCDDBBCABDADDCDCBBDCDDADADACDCCCCBBBBCCBCADBDAABDCDACDDCCCDC,18,32
144,DBCBDCBDCBDCDCCDDACBDDCBCCDDCADCACBCAAAACBCCBDDBCABCDDDBACDDBCCDDBDCCBBDDDDDAAACBABCACCACADCDACACDDD,18,32
145,ADCCADDCCCADBCABAACBCBBDDCDCCDCDADDDCBDDCDCCCADCDCDDABDCDDBBCAAABDCDCCBACDAACDBDACABDCCDDDCCCDDCADCB,18,34
146,CCCDCBABAACCADAADADCDCADBDDCACDCDCDDAACCBCDCCCCDDBDAABCABACCCDCCDDCDCDDDADBDCACCDBDDBADBBCCCDDDCCDDD,18,35
147,BCCCCBACCDCDBDCDDACCDDBDCCDACDDAADBABCACCCAADCDCDDBCDCBDDDCACDAAADDCACBDCAADCDCDADACCCDDDCDBDDCCDCCD,18,36
148,BBBBBBCDCBBCDBBDDCDDCABBCBBBABBCBAACADBBADBBBCBABABCABDCADABADABBBDDBBDCBBABBDCBBDABABBACBBBBCBBBAAC,19,16
149,BAADACACABBBBCABDBCBDDACDDCCBCCBCDBBADAADCBBDDCBBADABCBBADBBBBBBCABABDCBBBCABBAABCCBBBBBBBBBBDDBBDAD,19,18
150,ABBBCDBBBBBBADDBACBDBDBBAACADCAABACCCABBBCBBABDBBBDBBDBACBCDBDABBDCBCDDDBCBBADDBABDACDBACBCBACCBCABB,19,19
151,ABCCBBCBCDBABABBCDCBBBAACBDAABDDDBCBBCBCABBBADBBBCBADCBBBBADCBCBCDDBACDBABCADBADCDBBBBDDBADBDBACCAAD,19,20
152,BCCBBCAACDBBBABADDBBADDADBAABCABDCCBABDBBCBBDACCDBDCDBBCBCBCDDDBACBDBCACDACCBDBBBBBAABADDBBBBBAABCCD,19,21
153,ADABBCCBBBABBBABDCABCCAABBBDBDDCDAADDCACBCBBADCBACADCBBBBDBCBCBBCABBBDDAADDBBCCBBDBCDBCADDCABDABBCBD,19,21
154,BDCACDCBBDABADBBBCABCBDBCACADACDCBDCABCDDABBABDDCCBBAABDBADBDDDDBADDDCCBDDBCCCDABDBCABCCBBAABCABCCBC,19,25
155,CDBBBDBBADDCDCCBDAABCCBBADDCBDABBAADBACDCDCCCCADBAABCBADCBDBCCBCCBBDCACDBAADCBDCDBCDCADACDDADABDCBBD,19,27
156,BDBDCBBBCDCAACDDADCADDDACADDABDBCADDABBBADBDCCCCBAACDCBBCDDBCDCCDCCBDACCABDCCDBCAAABBDCBBCDADDBBCABC,19,28
157,BDACCABDBDACCCBBDCBCDAADBDCADBCCDCABACAACDDCCDCDDDCDCDCACDBCADCDAAACABDDACDCBBBDBCDCDCCDDDCCBDABBABD,19,31
158,CCDDCCBCDADADCCCCCDBDCCDCCCCDCACCAACDDAADADDADDDCACCACCABADBDDBBCAAABBDBDABBDBDBDDACCBCDDCBBDADDBCDC,19,32
159,ACDDDDDACCACADBCCDBDCADBADDCCCAAADBDCADCBBCCCBCCCDBDCCDCAAAACBAADDCDCCDDCCDDDDCCDDCAABBDCDDDCDCDBCAB,19,34
160,CDCDACCDDCCDCCADDDCDADDCDDCACACDCAADDCDDDCDCDDDCDACADDADACCCCCCADCCCDDBAADADACDDCCCCCDAADACDDCCCDCDC,19,40
161,ABBDBDCBCADAAABDBBBBDBCABABBBBBCBCABBCBBDBBBCAABDCBDDBBBDBACBBBCABBBDBBBBCBABBDABCBAABAABBAABBBCDCDB,20,14
162,BBCDCBBDBBBBDBBBCDDBBABAACCCDBADABBAAAABCBDCABABBBADBBCCCCBBABBBBBDBBCBBBAACBBBBDAABDCABABDDABCDBDBB,20,16
163,BBDABABBBDACBDBABBBBCCABCCCBBADBABCBDABDBBDBBBBABACACCDCDBDBADBBBBBBDCADACBCABBDBBDBBABBCDAAACBBBCAD,20,17
164,BACABDBABDAAACBCDBDBDBCBBBBABBBADBADCBACBDBBBBBBDDCACADBBBBBCDAAABABBCBBBCDDCBBDBBCCAADDCCCAABCBBBDB,20,18
165,BAAABBBBAACABBDBBBBCDBCAAABBBBCACBDBBBDDBCACBBDACCCBDBBBBBCCBBADAABCDBDDCBBDADAACCBBBADDBDBABBBDCBCD,20,18
166,ABCBBBDBABDDBBBCACBBABBADBCDBBDDDCBCADBBDAAABBCDDBAADADBBBCDDDBBBBBCCCBCCBAABBABCAAACBCCACBBCCBADDBD,20,20
167,ADAACDCBDBBABBBDCBCABABACBDADCBCCCBCBBADCCBCACDCDBDBDBDBCBABBDBDADDBBBBDDBBBAABBABACCDBDAACDBBABBCAC,20,21
168,BADBABDDAABBACBDBBCDCDDACAADDBCBDACBBDDBCADABACCCABDBDCDADDBCCBCCCDBBBCBBDBBBBABDACCBBBAACDBCAABCBBB,20,22
169,CACBDBDBDABCDDAABBBBBDCCBBCDCCCDCDBACBBABCBDBDAAADDADBDCCBBCABBDAABBADDBBDABCCCCBCBBCABBBADABBDBADAC,20,22
170,BABBBBABACADBADACABBABDBCDACBBBBBCABCCBDBDDDCBADBCBCDCCDADABBACABBCBBCDABCABBCADBBDDCDCDBCDBABDCDDAC,20,22
171,BACDCADBDCACBDBCACBBBDDCCDBAACBDBDACACCBCBBDDDBCCBBCABDBABCDBDDDBBBDACADADCADBCDBACDABCBBBCBBABAAACD,20,24
172,CBCBCCCABDDCAACDCBBCCBCCADCDDADBDBBAAADDADDBDADBBCBCBBDBDCABABCAABCDBDDDAACBDCBDCBCCDBBABCBDADCABADC,20,26
173,CDCACDCDDBDBDADDDABCBAABCCDBDBCCACDABDCDADBABCDCCCBCCDDDACDCCDBADBCCBBBBCBDDCAABCBBDADACADCADACABCAD,20,29
174,AACBDACDACDDCCBDDDBBCBCDACCCAABDCCACDDBCDDACCDACDDDBDAADDCDACDADACCAABDCBDCCACCDDBBBBBBDCDBACCCBBBDA,20,30
175,ACBCAADDCADACCDCDACDCBBBBBACCBDDDDBCADDBBCCCCDACCBABCBABDDCCCABDBBACADCDCDACCDADCDADBDDADBAADDCBCCDD,20,30
176,BDAADADCDCBDCCDABADACDCBADDDDBAADDADCCCBCCACBCADCCCBBCDACBCCCDCDADBDBCDCBDBCDBACACDAADCBADABCDDCCDBD,20,31
177,DADDDBADDCCCBCDCABAACACADDABACACDADBBBADDCCBABCDDDCBADBCDBDDCBCBABADDCCCCCBDCCABDDCCBACCAACCDDCDCDDD,20,31
178,ACDBBBBADBBBBBBCBBCBBDBABBBCDBAADCBAABACCDDBCBACDDABBABABCDBABABABBCABDBAABBAABDDDBBDCBBBBCABBCCCBDB,21,16
179,DBABDADBACBBABBCBDBCAACCBDBDDABABBDBBABBDBCCCDCABCABBBACDDABADBABBBBDBBBCADBBBCBBABADCACBADCBDBCACCD,21,19
180,ACBBACBCBAABDABDCBADBBABBBDCBCCDABAABACDBBBDBDDADDCBDCCDBDACBABBCDBDBCBDBDBBCACCDADBBBADABBBAAACCCCB,21,21
181,BBDDBBABBBDBDBDDCBDDBADBBACCACCBBCDBCABAACDABBAACDAACAABBBCCCADBDDBDBABDAADCDCBCACBBBCDBBBCAABDBCCCD,21,22
182,BDAADAAADCBDCBBABBDBDBDCBBCCBCCCCBDACBABBACBDCBDDADABCBDCCBBBBDAAAABCDDDBCBACDBCDDBCDBBCCBAADABAABCD,21,23
183,BCBBCBBDBABDABDCDBBBCCBCBACDDDDCABBDBAAABBDBCBACAAACDBDCCADCCDCBACDBCDDDDBCACABDAAABDBAACBDCDABCBCBD,21,24
184,BBCCBBDBABCDBADADABCBDBBDDDACABDDABACBAAABCDBDABCDACABCBCAAACDABABBDBCDBDBAABDDDBCCCDBDCBCBCCCCCCBDD,21,24
185,CABBBBBDCCCAAADACDCBDBDCADCCBCCBDCCBABBBBBDCCDBDCCACBDAABBABAADCAADCAAADDDBACDBBBCDBBACDDDDDDBCBACBD,21,25
186,ABBBBCCCAACCDDACCBBADDBDADBBCCBABDCDAACCDBCAAABABCAADCCCBDDDBBDCAAADACADBBCDBDCCDABBDCDCBDCDDDBCBDDC,21,27
187,DACCBDABBAAAABBABDCADDAACACBCCACDADABADCBABDDDCCACDDDCACDBDCBCBDAADDBBBCBBCDCDBBCCDCDDDABBCDCCCBCCDD,21,28
188,CDACCCDAAACCDDDADABCCDADBCCABBADCADADAADBBCBBABBCBABDABDDDBCCDCACDBBDBCBDDDCCCDDACDCACDBCCCDCACBDBAD,21,29
189,DDAACDBDDBCCACCBBDCAADDACBDDDCACBACDDBDABBCDCBCADACCBCDBBBCACCDADCDCADCCDBBCCBAADCDBDAABACCDBACDABDD,21,29
190,ADABBCBCBCDDDDCAAABCADDBDDCDBCBCBCCDAACCDCCBDDADBDADCAAAACADDBBBBCDCCBCDCDCDBCDAAACDCCBDACCDBDDADACC,21,30
191,ABBCDDDCCBDDADACBCADADDABCCDBCCAAAACCDBBCBDDCDCDCCACCCBCADCDDDDDBDCACCBBBBDADACCBAAADDDDCBCDCCCAAADD,21,31
192,CCCCDCCCCADADCDCAAABDBCDBCAADDCCAAADAADBDACCCACCAADABDDDCACDCCBDDBDCDDBCCDBADDABDDDABCBDBDCBBCCDDDCC,21,32
193,CACCDBCACADABDCDCDCDCCDDCCBBADBDCCCADCCADCDCDAAAACACDADCDCDDDDCBCCCDABDCCCBAADADCDDBDACCDDACDBDDAABD,21,34
194,ACCCDCCDCDCCABBDDAAADCADCBBCCDACDABCDBDDCAAADCBBDCDCDABCCADCCADDDAAACCDCCDDCDADBDCCBCADADDDDCDACDDCC,21,34
195,DDCBCCDCCDBACABCCCCCABCBCADBCDADCCCCDABBAADDCADDCAACCDDACACAADCADDADDCAADCDCCBDCACCDDDDCBDDDABCDDDDD,21,34
196,ADDACCBBDABBADBCCDCBADDAADADDDAACBCCCDCBADDCDCCBCDAADADDADACACACDDBCCCDCDDCDCDCCDADDCCCDCBDCDADACCCC,21,34
197,BAADDADCDDDCDCCADDCCDDDBCCBDDACCDDCADDCCAAABBCDDCAAAACADACDDDCCACCBCADCABDCCDDDBDCDACCACDCDACCDDCBCC,21,35
198,ACDADDDBCDCCAACCDCBCDCCADDDAADCCCDCDCDCCCADDCDDCCDDCACDCCDCCBDDDCCDCDCAADDDACDABAACACADACCDBDADADADC,21,37
199,ADCBBDBBBBBCABDBABBBCBCBDAABBBBACBDDBDDBCBDACCBDCBAADBDBBBDAACBADCCADDBCBAAACCDABACAABBCCDCADCBADBDC,22,21
200,CBBDACABADADBBABACACBBDDBDADACDABADABBCAABDBCBCABBCBBBACCBBDADDBDBBADBAACDABCCCCBBDBCCDCBCCBDBABDDDC,22,22
201,CBACDCBDBDBCDACBBABDDBDDBDCDDDACCBAADBBABCCBBDDAABABCBABDCBACABADBCADBCABACDCCABABBABCCBBDBABACBBDDC,22,22
202,ADDBCACCBBCBDBCADDADDBBDDBAABCBACCABCBDBBDCBACCADBBADAACBBCABCDCDAABBCCDDDACBABCAAABDCCBDBBDBDCDBABB,22,23
203,BACDABBCBABCDDADCBCCADCCDBBDCACAACCBCAABADBBADADDDDBBADCAAACBBCBBDBABCBADABCBCDDBBDCCCABBCDDBBADBDBB,22,23
204,CACDCCDDBAADDCADCDCBBCACCCBACDDABACADABBCCABDADBABBDDBCBABBABADCCBDCDBDABCABDBDBCDABDBBBAABDABBDCBCC,22,24
205,DCBDBACDAABBBDBBCDDCDDAAACDDCCCCCBABCACACCDDBCACBCBDBBBDBADCBBBADAAABBDDCBDDBCAABCCDCAAADCBACBDDACDD,22,26
206,AACACACCBACACCCAACDDCABCBDDCDDDBCCDAABBBBDDBBCBDCDCBDCACDACBBBDDBDCABAADADDBADCCDDACACDCDBDDDAACBCDC,22,29
207,ABBACBABDBABCBDDDBBBDBADBABDABDBDBBABADBCAABCBBBDBACBCDBBBBABABBBABACBCBABACCDABDBCABABBBBBBBBBCACCA,23,14
208,BDABDBBDCBBBBBBBDCCBCACBBADADCCCABBAACBABDBCAADBABBCDBBABBABABABBBABDCBBBBBACCDBDCDAADBAABBBCBAADBBD,23,16
209,CCBBDBADBBABADCABBCADBBCAABBDDBCBBBACCABABCCADACBCABBCABBDADBCBBDBBAABCBBADCBCCDBDDDABBAADBBDADBCBAD,23,19
210,AABCBDBBDCACCACABBBBBCCABCCBBADCCDDADBBBBDCDDDAABABBAAACABCADBDACCCDDBDCDBBACADBCABCBAADDBCBBBDBBADD,23,22
211,BABCCBAADCCBACBDDCAABABDDADABADDDBABBBADABCCDBBABBBBADAACCACACCDADBBBDABBBBCCBDBDDACDBDCDCBDDCBCCACC,23,23
212,AADBACADACDDBDACDBBBABBBBADBCDBACADCABDBCAABCDDCBDBBDCCADDCCCACDADCDDCABDCCDCCCDBACBDDDCAABCABCBBAAB,23,26
213,BCACBDADCDACBBBDBADCCBCCBDDCBDACDBABABACCDCBDDCBDCAADBACADDDBACACCDDDABABBDCBBDADADABDCADBACCCCCDAAC,23,27
214,DACACDBCBBCDCBABCCAADBABABAABABABDADBCCBDCCCADBCDDADADBCCCDDBBCDDABDCCDCCABCBCDCCCADDACDBDADDADBAABD,23,27
215,BCDACDDBBABAADCCCDBDBBBDDDBADCCDCDDACBBDDCBAACDAAACCCBBACDCCACCBDADADCCAABBBDADACDACCCDDCDCADBABBCAD,23,28
216,BCADCDADCCBABBDDACBAABADAADCCDDACABCBBDACDDCBCBDCABCABBCBCDDCADDBAADDDDDDABBDDCCACCCADCDBBDCBACCAACC,23,28
217,ADCCBCCADABDDCDDABDDDCBDDCDACBABCCCADACDCCCBCCCADCAADDDCABCBAACAABCDBADCBDBCDDBCDCDCADDBACDADBCAADAB,23,30
218,DAADACBDCDDAACBADACBDBCBDACBCBDABDCCCBDCCCAADDCAACBBCAADADCCDDDCCCDBACCCBDDDBCDACCADADDADDCCCDACDBAD,23,31
219,BBDBABBBACBBBBBDABBABCBAADDBACBABABBABBCBBBABBABCCABDABBBBBBDBABCBBABCBABBAADABBACADBCBBBBBBAABDDCDB,24,11
220,BAAABBBDDBBDCAABDBBABAABAABBCBDABDBBBABABDBBCBBCBBABCABABBCABBCBCAABBBBDBBABCCBCBBBCCBADDBAABDDDCDAB,24,14
221,ACCBBBBCABCCCDABBCDDACBDBAACABBAABAABADBBCDAADAABBDABBCBCCBBBBBDAADADABABBDBCBBBBCBBCDBDBBBDABDABBBB,24,16
222,ACACACDADDADADBCCDDBAAABBCBBAAAADCBCACACADBDCBBCBBCDBDBCDBBCADBBDABDDBBAADBCCADBBCBBBBAADDBCADCBBCCB,24,22
223,CDABDDACAACBCBCABDCDCABDBCDCABBDCBBCCCDDBDABCCBDABCADABAACCCDBBBDBBADDCCDBADDAAABAABDDAACDACBBBCACDD,24,25
224,BADACBAACACADCADABBADCDBCDDCDBAABADBCBCDBDBACADCCBDBDCABACCBDBDDCABBDDBBAACCBDDACDCCCCABBDDCACABCADD,24,26
225,CCCCDDDCDACDDABADBCAABBBBBABCDBBADBDADBBBDCDABAAACAADDDDCCCAABADCBAADCBAAABCCACACCBDBCCBDDDDDCCBBDCC,24,26
226,CBDABBCBADDCCDADDCBCACBBCBDBDBBCAAAADBABCAABCBBBDCCCACDDADCBACBCCDADAADCCBDAADBDCCDCADAACADCADBCDDDD,24,27
227,BDBBDCCADCACDDCADCACDCCAAACDCBABDDADCCCDDCABCBAACDDCDBCBACADAAABDDCCDDCDADCACCDADADBBDBABCDAABDBCCCD,24,30
228,CACDDCBCAAADCACCCCBCCADACAADCABCADDCAAABDDBBDDCDADDCCDDCADDADADABDCADABCACDBABCDDCCCDDCDBBDCCDDACCCD,24,32
229,CDCCACCADCDDBCCADACDACADCDCDCCDCDCCDACAADCBDADCDDABACCBCACCDDCDAACACDDCDDDDDCADDAADAAADACCADCCDDCCDD,24,36
230,ABDBAADCCDCBBBBADBDCBBCCADABABACBBDBBAAADAADCBDBBDADBBDBCBBBABBBBCABBBDCDCCBBDABACABABACBBBBCAAAABBB,25,16
231,AABDCBCCACCBBDABBADDBAABBCADBABBADDCDBCAAABBCACDABBBCCDBBBBCBBBBAABADCBADDACCBBBBABDADBBBCABABDBABBD,25,17
232,BABCBDBBDBBBAAAABBACCDBBBBCDACAABCDADCDBCBBBABDAADBDCCABABCACBDADBBDAAAABBDCCCBDBCABBDBABDAABBBDBCCB,25,18
233,BCACAABDCDDCDCDDCADAABBBDCABADDDCCADDBBACAAACADBBAADACAAABDBCBABABBBCCBCDDDBCCACCDCCDABBDCDDCDADCDCC,25,27
234,ACBAABCDDABDDBDACCACACCDBDAABBDCDADAABCBCDDADDCDBACDACCBCDCBCBDBDADACBDCBADABADCDDCCCACCDBAADCBACCDA,25,28
235,AABAADABCCDDDBCDCACBBABBACDCADCDBACCDADBDADDCCDDDABDCBCDBDCCDAAAADADCDCCBCCBADBCABACCACCBCAADDDDADCC,25,29
236,AAACDACACCAAACCCAAACCCCCDDDCDBBDBCDBDAACBDDCBCADABCAADBBDDADADCDCBBCCDCADDAADCBCBDCDBCBDCBDDDADDACBA,25,29
237,BADDCBCCDBACCDADDCDADCADDBCAACADDACCCDCAACBAABACADDBAAACBACABABCBABCDCDCDDDDDACBDCCDCDCCCCDDDDBAABBB,25,29
238,BBCADACCCDDCABBDDDDBDDCACDDCBCCBADCCCCDDAAACBDDCACDCCBDDAAABDABAADDDCDBACAAABDCDCBACDCDACDBAAACADCCC,25,30
239,ADCDCCDBADDBCCADDDCCACADCCACCDCCACADCBBACADDCAABDCBDBCCDAADDAADACDCCADABCADAAACBBDDCDDDBBDDCCBADABCB,25,30
240,AACDCDCADADCBACCDCCDDAACDCDCCDDAAADCADDCACBABAADABCDDCAABDACCACCCDCCDCBDDCADDBDBAADCBDBDCDCDBACCDCDA,25,32
241,BAABDDABDCCBBBBCCCADABBCBABABADBCABBDBABADDCBCBABABAABBDCABBABABDACBDBAAABBDCCBABBBAADBBDBABBBBBBBCB,26,14
242,CABABBCABDDAABDCDBAABAABBBBACBACBBAADCDDBABDDADBBCBADBABBBACBBBBCBBCBBBBACAACDABABCBBBBBBDABCADACBBD,26,15
243,BDADDBBABCBBCACDABBABABBABDBBDCBABACBBDBCCAAABBBCBDBBBADADBBBBABABABCBBBCACBABDCBABACBADBAADBADCCBAD,26,15
244,ABACBCBCBDADDACBCAABBBACBABBADBBBCABBBCDCAAABDACDABABDACCBADDBDBACBCBDDDABBCABAAABDBBABBCBBDBBBBBABB,26,16
245,ABDACACABDBAACBCBBBDAABCBBCDBABABBDBDABBBAAABDDAABCCDBBBCCCBCCAADADADABBBDCBCBADACBBADABBCACDBBDBBDB,26,18
246,BAABBBBCDADCAACDABBCBBACAABABCCBBDCDACAAABCCBDCBDDDDBDBABDBACABDBABBBBCACCDCBAABADABCBBDADCDDABBBADC,26,20
247,BCCADCCBCBBADDBAACCBCDBABCDDCBDACCAACDCABBDAACBACBBBCADBDAADCBADABBADBAADACBDBACCBDDAADABADBCBDBBBDB,26,22
248,ABACCABAABDCCBACDABCDDADACDAACACDDABBBBDBCDBCBBAABADBBACCDACDDBDDCBBBDBACCDBBABABDBADCDBCBACCDBAACAB,26,22
249,AACBBCBDDCCCDAADAABDCABAACAADDCBBAABBCCDBCCBBBBDBADDCBDBAAAACDCAAACBDCBDBBBABDBCADBBBDDBCAACDCACDBDB,26,22
250,BCDAACCABDDACADBCABDCADBABBBBDCCABABBCDBBADCCBCADCCDBADBAACCABCABBDBDBBBDAAADDDCCACBACACDCDABCDADDAD,26,24
251,ABBDBCBDDDAADBBDBAABACBDACAAACCDABBBACDCAADCCCDBCAACDBADCABADCCBAACDCAAADDABDBCBBDDDBADCBCDCCCDCBDCB,26,25
252,ACCBDAADACBCBDCCAACCBDBAABDCDBCCDDCAADADACACDBBBCCCBCAACAADCDDDCABBBDBDAADDCCAABBDADDCADBACCDDBDABBB,26,26
253,CDACACCCDDAACDACABCADCBBDBCADDCBDCBDAABBDDBCAADDBBACDADCDDCACDACDDADCDBBACABBBCAACABDBDCBBCBCAAACABD,26,26
254,ACADBBBDCBCDCBBBDADCBBDAADABDCCBDCBCACAACCDDDCDDAADACABDDDCAADABBABDABACBCCCCADCCDCADCACDCDDBAAADBCA,26,27
255,BCDCAADCBACDACBDDACBABCCDDBDBBCCCDACAAADAAAACCCDACBDDACDABBCDDABAACCCBDCBDBADDADACCCDBADBCBDCDAADDDC,26,28
256,BABCCADCBDDBDBDDDBADDCCDAADCDDBDACBACACCCBBCDAADAAACCAACCABCADACADDCCCBDADACBCDDBBCBBDDACDACDAABCACD,26,28
257,AAAACCDCCBABCDCCBCCAACCCDCCDCDCBDDDBBBDDDBBADABDADABCADACDAABBCBAAADDDCCAACDDDCAABBACADCDBDCADCBDCDA,26,28
258,ADAAADAAACCDDBBCCCDDCDAABDBADADCAAABDDCADDDCAADCDDACADDCCACBBCBCBDCADBBAADDCDDCDDACBCACBCCCCBCABCDCB,26,29
259,DACDCCCDABCCCDCAAACCDDDCBBDADCBCDDCDDDADCABCDCCCAADADCAACAACADCDBDAAACADDAAAACDCBABDBDDCCDCACCCDDDBD,26,32
260,CADDCDADDDDACBCDDAACDABAADCCBDDCCCBDCCADDAACAAADDDCCCDAADDDCDAADCDDDCACDCDCCDCACCDCCACACCDACCCDAACAD,26,35
261,ABADDABBAAABBBBBBBCABCBAAADBABBBDBBCBBBBCDAACDABCCABABBDAABDCCDABBABABABBBBBABCDBCBBBBBAAADBACBBBDBB,27,12
262,ABADACBBBBDABCCAAABBBACDDBACBDADDABBDCABABABBAAAABBCBDCBCBBBCCDDCAAACDADACBDDBCCBCDBBBACABBABDBABBBD,27,18
263,BABBCCAACDDCBAACCDACBBDCCCDCBACBAAABBDDCABCDAABBBCAADDDBBDDBABDBBACAADBDADABABDABBAACBBDBAACCBBBDCBB,27,20
264,AAABABBBDBCBCBABDACABDBCDCCBDCDCBBBDADCCBABBADDABBDCBDAAADADBDBABCDCBDAAABBBDCAADBACCACDCBAACCDBABCA,27,21
265,ABBDBCBDBDCAAAABCDBBBDDADBBAACCDABACACDABACDDCCBBBAABBDCBCACADAABBBDCCBABCBCCBADDAACCADADAACDDBBDDCB,27,22
266,AADDBCDAACBCABBDBDAAADBBCCBACCCDABDAACCADADDADAACCABBCBDDDACCBACCBDCBBADADCBABBBADDDCBBDABBBCABBABCB,27,22
267,DABBDABCBDABDADCADDCBABCBABCCDDDBCBCABDAAADADBDCBBBDBDAACACADCCACABBCCABABBDCDABDBCCDCDAAAAAADBCCCCD,27,24
268,BADDADBADDAADCBABCCDCDADCBBBBADACACDACAADAAADBDAABBCCCBCDCABBBBCDDBBBCAACCDBDDBCDDBADACACCAACCADBCBB,27,24
269,CCBAABCBCAADCDDDBADADBBDAABCABACABCDDBBABCBBDDDDCDAABDAABCBBADADDCCCCDBDDACAACAACDBBADCCABACDCBCACCD,27,25
270,AACBACACCDCAABDABDAABBADBDAAAACBABCDDCCCBDCDCBBABDBBAACCAADCDDABBACABCCDCCBAADDBCACDDDDDDBDCDCABCCDD,27,26
271,BCBBBBABBBAAADCCCACBDDCACADAABDADCDDAACDCDDDCACBDADACBDCCACDBDABDDBDACCADDADCBADDBCABBCACBCCBAAADACC,27,26
272,DBBABACADBCADCCCDDACAACBDDACADDABBDDDCCACBCCBAAABDABBADDABDADACCCCACCCBAACADACAACDCDDDCBDBDDCCADDCBD,27,28
273,ADCCACCADBCBBCCCADAACCDCDDBADDDADBCADADCCDBCDBACABAAACBDCBADDCACACAACDBDCDCADDCABDDBDABCDACCBADDDAAC,27,29
274,DACADCABAAADCDDCADACBABDDCCDCCDADBDAACCABCCCABCDACDDACCCCABDAADADDCDCDABDDBBDABBADADACCCBABDBCCACDCD,27,29
275,CDBBCACCDABADDDCADBACACADCCADACDDAADDDDBCDCAACBDAACCDADCAABDACDDCCCBAACCCDCDDDCCDBBAAACACACDBADDCDCD,27,31
276,CAACDCDDDCBDACCDADDCDDBADDCDAAACCBAAAAACCAACDCADDDBCCDDACADDABAACAACCADCBADCCCDDCCCCACDDACCBBDCBDDDD,27,32
277,ABBBBBCBBCBABBBBBABABBABBBBBAABCABDACDDBBCCCAABABAAADCABABBAADDBCDAABBBBBBABACABDABBBBBBDADCABCDBDAB,28,12
278,BDCABABDAAAADDABBBADBBBBDBAADBCBBBDBABAABCBBDBABCADCDAAADAABCDCBDABADCDCBDDCBCCBCAABBBCACADCACCDCABC,28,20
279,AAABBDBDCDBDACBBADAABACBCDBCCACCADDCBDDDCDCCBBCADABCABABBDDABBDACABCBBACDACBDBBDBDCAAAADBBABCBAABAAC,28,21
280,AAACDBBADCBBCCCDADABBCCCBACABBBABDBBDDACBADCADDDCCDACBCDDACCACACDBABBBADCAACDBAAAAACDDCBDBBDBBDADAAB,28,23
281,ABCACCCAABCACADDBDABDBABADAACDCCBCBDADCDDBCCDBAABDAADDDCBAADCCBADBAACCDDBDCDCABDBABACDABBACACCDBBBAB,28,24
282,ABACADABACADDDDAAABCADCBBDCADACDAABBDBCBCACABDAABDABDBDDCDCBDABBADBDBCCCACBCADAADCBBCADDCCCBBBDCACAC,28,24
283,BBCBACDADACDDABBACCCABBADCDCCBADBCACADDADDDADBDBCDABCBDCBABCDBCDAAAACAACDADABADCBADACCDCADCBABACBCBD,28,25
284,ABDCADAABDCCACDCCCBADDDDBBAACADCAAADADDDCADADCBDCCCCBABDBDBACACBDCDACCDAACBCDDDBDCBDDAACACABBCAACADC,28,28
285,ABCCAADAAAAACADDDCDDABCCCAADDBCACADCCBBBDACCCDCDBBDACBADABABCDBBDACAACDCDDDDCCCADABCBDADDAACDCBDCDAC,28,28
286,ACBACCADDCCCDABCACCBDDACCDBBDCDBACAADBBDDBCCDAADACCBCDCDCADCDDADAADCDCAACDCBACAADCCCBADADADAADBDADAB,28,29
287,ADCDCADDDCBCDDABCDAACDDAACAAABACBBACAACCDADABDDCABDBCDACCCADBDDACCCCCCACDDBAADCDCADDACCABDBCAACCDDDD,28,30
288,ABAAAABDBACBBABBABBBCABDBBCACABABBBBDABABAABDBDCABBCABBBCCBDABBDADBBBABABCBDDAAAAABBCABCDBBBBCBDBABB,29,12
289,ACAACCAABADDBCADBAABBBBBBAABBDABCCBBBBDDBDDABBADAABADABABBBBBABBBBBBCCBBDAAAABBABCACBBBBBACBABBBBDCA,29,12
290,BAACBBBBBBBBACBACBCBBAABBBAACBAAAADCBABBBDCBBBBDADAADCBDABDBAACACBCACDABBABCDDAADBBBBCBADABBABADDCDB,29,15
291,BDCBBDBADBCACACBBDCACDAAAABBABBCBCBCADADDACADDACDDBDBADBBABABDBBBBAABBADCDBBAAAACACBBCCCCCBBDDCAAAAD,29,20
292,BACCBABBADABADACDCABBDABCCABCDDDCBAADBBABACCAACDBCBCBACDCDAAAAAABBCCAAADABDABBBBBBDBCBDDDDADBCDACBBB,29,20
293,ACCBBCCAAAAADBDBDABCBADCCCDBACADDADCBCCBABBDBDACBBBACAAABDADDCCAABCABBDBABCBBACBBBBDCBADADADADDBCAAD,29,21
294,BAADCBDCCCABAACCBCACAABDBCCBBCDCADADCDCBAADBBDBBDAACCBBABAACBACBBAADBCADCDACABBADDDDBDDCDADADAAACDCD,29,24
295,ACBADBDDBBACAABDBABDACDADDDBBDCDABBCCACCACBBABCACABBDCAACACBBDDBACDCADAADBDDCCACACCCDADAADADCCCADBDA,29,25
296,DBADACDCAADBAADDADCADBBDCDADCBCCABCDAADACBACBACCCBDCCDBDDCABADCACDAAAAABDBCAACBACDABDBCBBDCCDCABACDD,29,26
297,CCDADDAACABDCABACACDDAACDCDCCBCADDADBDBDCCAAACCADACDACADADBCDBCACDCDCBCDABDDBBAAAADACCBDABCBBBDBAADC,29,27
298,ACCCDDACCCABCDBDBBDDDCDAADDACBDCADCDAAAACDBADDACDDACCCAACCAADCBBBCBCBADCCACABBAADADDDBDAABCAAABCDCBD,29,27
299,ADBCADDDDABCAACCCDADDBACABDDDDBCCDAAAACADCAADADBABCDABCCDCABDCCACDCADCCDADAACCDBCACDBCDDCDCAADCACACD,29,30
300,ADACDCACAABCCDCABDACDCADCDABDACDDDDCDCDDCDDDDAAADDCBCDDACACBAACCACDADDDCACADABABACCAABBADDACCCCDACCC,29,31
301,ACCDCADCACACCCCDADCDCCCAACADCACACDDADDCDCCDDCAADACDCDADDDCCCDBADCDCDDDDDDCAAAAACDCAADADDAADDCAACCDAC,29,35
302,ABBBBBAACAAADBBBBDBBBBAADAABDDBABDBBCABBCDAABCDACBCABDBBDAABCBBBABAABCDABBBBBBABBCAAAABBABABCCDDCBAC,30,13
303,ADBBADBDAACBBACBABBBBADDACCBDCABBCAABCBAABBDCBBDBDDAACBACABBDBABDABABCCBBBBABCAAADDCABDBAACCBDAAACBD,30,17
304,ACACABBBDBABBDBCDDADAAACBBBABBBABCBABDBBCDBDCDCCBCBADACAADABABDDACBBBDACBAAAADBABACCBAABBDAACBABBCBD,30,17
305,BCADADCDCCBCDACBBAAAAABBBACADDDACBABBCCDBACBAAABBCADABCDBACBBCAABDDDBBABCDBDADABBBDADACBABABBAADBBCC,30,19
306,AACDAADBDCAACAACBBDCDBACABDABABADCADABDABBBDBCCBCDAAACCABBBAADAABBADDBBBDCCDDBCDBABDABABCCDCBCBABCAB,30,20
307,ACCDABDDABDAAAAABADBCBBCCBABADBCDCCBDCACDAACAADDBCCACBBAACABABBADDBCABCAABBABABCDDBBBDACCADBDCBBDDAD,30,21
308,DBCCAABACAAABDCDAAABAABBBBBBDDABDABAADCBBADBDCCABABDDBAACCCCADAADDDAACBCACBABBBCCBAADDBDBCCDDBBCACCD,30,21
309,ABABCAABADDADABDAACCBDBACDBBCAABABABDACDADCDCABCCACCBBDDBCBBAABAABAAAAAABADBCBBDBCCCDDDACCCCDDDDBCDB,30,22
310,CBCBDDBAAACDDDCCDAABDAACABAAACCBADBDADDDCCBCADBCDCAABABBABCDDDCACCBBABCDAACCABBABACDADABABDABACCBDBD,30,23
311,BAAACADABBDBACCBDCCADABBAADABDDBDDAACACACCBADBBCDAACCBABCABDBBBAADBCADAADBACDBDDCDBDCCCCDBCAACAABDCD,30,23
312,BCDDDABCADDDCCBACBCACAABBADBCDCABACDADBDBADADADBBABBABBCBACBABBACCDABDCADDBDDDDCCDBCACCCBAACAAAAAAAC,30,23
313,BACADDBACADCDAABCBCDCCADBDDCDACABDACDCAABDBADDDDCDACAABDABAAACBBABAAACBACABCCCADCCDBCBBABAADBCDBBBBD,30,23
314,AAAACCDCACCBDCCDDABDABBDDBBBABADDCDDACAAACCAACBADADACCBBCABBBBDBBAACDCDBADCCDABBBBDDCACAAADBACDACADB,30,23
315,BDDABAACCACAACACCAAACDACABBCCBADBAADDACDABAACCABABBDBBCCCDDADCDADDBCAADDADDDADBBBDBDDBCDCAABCBABCBCC,30,24
316,AADBCCDBBACDBBABCACDBCCDCCCBABBCDACACADABCDADCAADBBCDBAADDCBDADACBADDCCADDAACDCACCAADDAABBAADCDAABDB,30,25
317,AAACCCBDBADADCCADABAAABCCCDDDABACCDACCACCABDABADACDABABADCBCBBACDDDBCADDDDBCCBAADDBCCCAADCDAADBDCBDA,30,26
318,ACDCAACCCDDCBCDCDCAAACABCDABACDCDBBDBDCCDBBBBCACDABAADDCDADBBACABCADDDBDCDDDBAAABAAADCCCAAACAAADABDC,30,26
319,AADCCBDCCCCDCCDDBCAAAACBDACABCADDDACBDADDDDCACACCDDBACBDADBADAAAAABCABCADACADADDABDDDDCADBACCCCCCCDA,30,29
320,BACCABAADAAADAAAACCCBDDAACDADDDCBDDAAACDCDCCDCCDABDACACCADBCCCCABDDCDABCCCBDDDCDBDCABADACDDBACCADAAD,30,29
321,BDBDACDCDACCDACDAABCCDDCDABDADCDBDABADACBCDCADCDAACBAADDCDCAAAACDDCAACCDAACCCCDADCCAACCDDDABDAABACDC,30,30
322,ACDACAADADCDCAABACDCAACCAAADDACCDBCAADCDCDCADADDDADDACDCBADADDCDCDAADDDCCACCCAADBCCDCCDCDABADCCCDCAB,30,32
323,CADCDBDADCAACCDAACDAADCADCDACCDDDDCCDAACDDCACADACDDCCCDDCDDADADDCAACDACDCCBAAAAADDAACCCACBDBCCACDACD,30,33
324,ABCADDBBAABBAABBDBAADBDDDBBABACACBCCBBBABBBBABCACCBABBBDAAABBABCDBBDBDBADBCACBBABDACACACAAADABAACBBD,31,15
325,BABDCBCACAAABABABACCBDBAADDDBBAACBAABBABCBDBDAACBBBDDACDBBBBAACDBABABAAADBBBCAADADCBBBBACACACBBDBBBB,31,15
326,AAABADDBCABCAADADABBACACDBCDABABBADABABCADAABABADCABBCBCBBBCBCCCBBBBCABBAAAADCBDBBDBDABCABBDBDABDBBA,31,16
327,ABCCCBCACAACCBCDABDBBAAAAABCBBCBBBABBAACCADDBADAADADDBBCCBABBBDABBBBDBAAABBDAADAAACDBAADCDBCDDBBBDAC,31,18
328,BDADBAAACACBBCABDADBCDAADDBDBBACDAAACAACCADADDDCBACBBCBAADBCACAADABCCCCCBBDBAADDABDDBDACABBCBABABBBC,31,21
329,CDADBCABBABCCDDDADCBDCAABABDCACABCABBDADCAAAADDCCDBBBAACCADDCABACABACDBDAABABCDBCABAACBABDCBBADABDCD,31,22
330,CBCAABBCABCBBACBADBCADDDCBCAABACDBDCDACADBADCDDCABCACBCDAAACDDDCCABCBBADBBAAADABAABBAADADDDCAACBCADD,31,23
331,CDDADBCDCABBBBDADADADDBCDCBACCAABDDDBABDADABAACDDBCBAAACCBAADCCBABCBCABCDBACACDAADABAAABDBCACACCBACD,31,23
332,BBDDBABBDDBACDDDDBADDBCDBDCAADBBAADAABDCACCDBCACAAABDABAAACDBCABDACCCCABCDABADACDCAACAACCBCAACBDDCAC,31,24
333,ADADCBABDDDAACCDDCCAACBADDBCAAACCDCCDDDDDDBCACACCBCADBACADABACAAAADBDBABBBBDADCABBCBDDCADCAACBAABACC,31,25
334,ACCBACACDCADCAACDDADDDAAAACAADDBADBCABAADCCBCCDDCCDCADCDDACADDACADDCDCCDAAACDDADCAACDCCACDDCCDCCADAD,31,32
335,ACADDCDACACBCAABCCDDACCCCDADACAADAADCDDCDCACDCCCCCAAADDDCDDCAAACDADCDDABDDDACCDADDACAAACACCDDDACCADD,31,33
336,AAACDDCBABBBACABDABBDBDBCACACADBABDBBBBADBBBCDDACDABCDAABAABACCACADABDCABBAAABCBBABADBBABACBCBABBADB,32,16
337,CADDCBBCAAABADDBABADACABDDBBBBBDAADDBAADAAAAACADBCCAADBBBDBCCCACBCCDCCDBAACBACBDADDCBBAABCBCBABABAAD,32,20
338,BBAADCCDBBAACAABDDDCDCBCACBABADBCBBBCCBBADACBACDADAABBCCDCBDADCBDDCACABAAAAABDAACBCDAAAABCDBABABADDD,32,21
339,CBAABACDAACBACDDABDBABACDABDDCABDAADAACCDDADACCADCBCAABCABBCDAADCCDDAADBDABCABCADCDDCCDBACABCADDCABC,32,25
340,BDDAAADCAADDAAADBDBADCABBCADBCAADDDBCCCCCAADACCDABAAAAACADCCBACABDDDDCABACADDCCBACDCCADBDCCBACACDBBD,32,26
341,DACDACCCBDDDAACACCAADAAADCCDACABABACDDDBBDDACADACCABBDCACAACBDCCCADADDCDCCABCDADACADAADDACACCBCDDADD,32,29
342,ABDACCCDCCDACACCADBDACADDADDAADABABAAACBCDCAAABCDDDDCACDDDCACDDCCDCADBACADBACAACACBAACCACCAADDDCDDBD,32,29
343,ABADCCAABDCDACDDDDBACAACAADAAADABCACADBCDACCBADDDDDDADCCBCAACDCCDACCCCCDADCCACAADDBCDAADAACBACBADCDD,32,29
344,AAADDCADDDABAAADCCDABDDBDCDDBDDDCAACDCDACABCACCAADCBDBBCDAAACACADACADDCDDCADCCAAACADCDCCCDACAACCACCD,32,30
345,ADABCACDDADDACDDBCDAAAAACDAAACDDDCDCCCDCCDACACCCABADDBDDDCABAADDCDDADCDAAACACCBCDDAABCADDCCCAAABACCC,32,30
346,BBABDBDAACBBBDABADBABAACBBDCADAABAAABCBBCACBADACBADDAACBBBBBCBABCAACABBCBABADDAABBABBDABBAAADBCBCBDB,33,14
347,DBBAACCAACAACBCCBAADCADCADBABBCBBBBBCBABAACADABBDBBCDBAAACCADABBBADBADABABADBABABADACBBDABBABADBBBBD,33,15
348,ACDBABBBAABBDDDBDCAABBBBABBCBBBAADBBCABBDABCDCBABAAABAAAABCACABBBCDCDABACACAACBDDAAABAABDABDBBCACDBB,33,15
349,ABCADBBBACBBDABACDACBBBDCABBBDAAABABACCBDADCCBBCADAADDABDCAADABBAACBBCBCCBBDABABDBCAAAADBBBAABAABABD,33,16
350,DAAAABDADDABCCDBAABADACCAACABBCDAADDBCBDBBBDAAAACBDBBCBBAAABCABAAABBACCBDCBBBCBDBCCDDBBBAABBAAABCBAD,33,17
351,CCCBABBABAADCBBAABCBAADCBDBBBAABACABDDADBAACDAAAADDBBDACCDADCBCABBDABAABAABDCCBBBBACDAACCCADBDCBDAAD,33,19
352,DAACDAAACDAADABBABBDCBCDAACCBADDACABDABBABCDBBBACBBBBDCABCAAABAAADAADDADBABBCDCBCACACBAABACBBDCCDBBD,33,19
353,BADDCDBACBCCCDDCAAACBCDDABCBABABBABCACBDDDAAABCADDABAABAACCBABADDBABABCAABCBAACBDDADBAADDBCBACBAABCD,33,20
354,AAACCABDCCCADBCCCDAADDADBBBBBCBBDABDADBDACBDDADCDABAADABAACABBDCABABABCBAAABADBCBCAADACCADCCDCCDADAA,33,22
355,ABDDAAACBBAACDCCCDCACDDDCCBAABBADABCCCDCAABCBACABBADAAAADDBDBDCBDAADABDCBBADCAADBDDADCCCAAABABABCDAC,33,23
356,ABACBDABCCBDADACAADCDBCDDBDAADBCDDABABBCDDACDDCCADBACBACABACCBCAAADBADBAADAACAADABADADCCABBCDDACCCAC,33,24
357,DCBDCDACACDCACACACADCDCBCDDADDDADADADADAACCCACCCDCAACCDDDDBDDAACADCCBCAADAACDCAADADDAAAABDCADCACACCD,33,31
358,ABCBABBDBCBAAACAAAABBBAADDABABBDCCAADBABCAABCABABACABBBBADBABCDCDAABCABAABBBABCBBBBDBCADBDACADDBBBAD,34,14
359,BDBABBBBBADADAABABDAABDCCABADCABBBDDAAABCABBDCAAAAAABBBCBCAABBACACDAAACDBBABAABBBCBADBBBABABCBDCBDBC,34,14
360,AABCABBBAACCABAACDBBDADDBACBBDBABDCBBCDBDADBBDCABDADADAACBBCDBDAABCABBCCBCAAABABABBABAAAABCBAABADABC,34,16
361,BBABBAABCBDBDDABCACADBBDCAADDAABAABABCBCBABABADBBCBBBAADDCDAAAACBBAABBCDDACDDCCBBAAACCBCBAAABACADADB,34,17
362,AABDBDAACBAACCBBDDABBDADCBBAABACBBCABDDBBBBBBABCCAAADBAABADABCDDBAABDACAAAACACCABBDCDCADAACBCCBDADAB,34,18
363,BBCBAABDABBACCAAAADACBBACDDBABADDDBDBDACADDADBDBCCBAABCABBABDCCACBDABABAABABBCAAAACDACBDCABDCADCAACB,34,19
364,AAACCCDCBABBABADDDABBCBDCCCBADDCCCBABCADDAADBDCACBBCBBCAABDAAAADAADADDBBBCADAACAABABAADCBCACDAADDBBA,34,21
365,CDCCAABAABBBDDBCADAACADDBBCAAACCCABAAADAAADCBABDDBDABCCABABCDDCADAAAADBBCBACBDCACDBCDCDDACADBADACACD,34,23
366,BADAAAADCDACCCCBBBABDAACAAABACCBADCDBCDCADCCACDDBADCBDACACBCAADDAAABADDCAACDAADDCACCDDBACAACABDBDBDD,34,25
367,CAAAADAAACDCCBCCDADDAAACCAAADAAAADADBBDCACCCDDAAACDDCCDCADADCCACDADDCDBCDADCACCCBDDCDACACACDDADBACDD,34,30
368,DADDADACAADAACCADADCCDAAAAACDCCDDCCACACDDAAAACDABCCCCACCCCDACDCDCADADADADDDCCDDCAACDBDDADACACACCDADD,34,32
369,AADAABAAABBCDAAACCBCAACCABABACBDACDBBBABAACBDDBAABBDABBADBDACBCBBADBABCBABACDBADCDACBDDBBBBBAAABABAB,35,15
370,ABACABADAAABDBACABCABBBDCCBCAAABAABADABAABCAAADBACBCACADACADBBBCBDBBBBBBBACAADDBBDDBBDCABABADCDBDACA,35,16
371,DAAADBAAAACACBACBCBADBCAACAACABCADABBBCADCBBDBBADABBDABDBBBBACABDDCCABABBAABAAABCBAADBBDACCADBDBACDD,35,17
372,AABAAAAAADBBACCBBCCBAAACBDCBBDDADDCCCBADDABBAADADAAAABDABCBDBDACADAABCCACBAACBDBABADBDBCBAABCBBACDBB,35,18
373,ABDDDCDABCACBABDCDAAAAACAAAADBABADBCACDCAABBABACBBADDABDDBBCCAAACCCBBBABACDABAACDBABDBAADABADBCCBBDC,35,19
374,BABCABDDADCACBBDBAABAACADCBBCDCACABDBACDABAAAAADABCCCDDDAACBABBBCACBCABCBBDBBBADAAAAADAABCDABDCAADDB,35,19
375,ADDCDAAAACADAADADBCCABBCBBBCBDACACACCABAAACCAACCCABDAACDDAAABBDDDBDBADBBDBACBBBBBCDDAAABDCACABDADAAC,35,21
376,DADADCDAAACCACCBAAACDADADBABAACCDCAADBAAACAAABDABCDCCACCDADDBBBBBADCBDDBAAADBAAABADBACCCCBBDDACCCBDD,35,23
377,BCBCCAACDCBACDAAAAABCDAADADAAACDACAABCBBAABADCCACDCADDAADCDDDCBDDAAABBDBBCAACCDCABCDABBDCBADBBDACAAD,35,23
378,ABDCADACBDDCAABCADACCDAADCCBDDBCABAABBCDADADBCCCACCACDAAADCACDDDBAAAAABCAAABBBBABCCADAABABACDBDDADCD,35,23
379,BBBABBBDBBBBBCBDACABABBABDBBBAABBABBAACABAAABBBDBCBAAAABACCDBBAADAABBBAADBBAADCBAAABAABCBAADBDCAABBC,36,10
380,AADABABBCBABBAAAAAAAADCCAAAADACBABCBBBBBDBADBABAADABADBADDACBBDBCBCDCAAAAABBBABBCBBBAABBCDBABDCCBBBB,36,13
381,BDAAAABBDBBCCBCBDBDABDABDBADACBBBACAABCABDABABCDAAABDBBABBAABBBDCBBBBABBAAADCAABABBAACCAABCAABBACAAD,36,13
382,ABAACBDAADDCDAACBBBBCAABCABABBBAAAAACBAAABADBBAAACBCBDABAACBDBCBDDDCBCCDBABBABACDBDABBCABAABDAADBBAB,36,15
383,AAAAABACBDBBACDBBDBDBBDACBDADAAAABDDDADADDBACCBDCCAADCBAAABBCCCABABCDDBBBABABCCBACACAAAAACBABBAABABB,36,17
384,AABDDDADCBAABDCCCABDCABBABAABBCCBBBBBDAAAABBBABDCABBCBCDACADBAAADCAABACCCAACBBCBDADADAADADBABAADAACD,36,18
385,ABBBCABDAADDDDCAADADBCCADCACBCACDBCADBCCCAAABCCBAAABCBCCABCBDADBAADBBAAADDBBACABADAABBDBDABADAAAAABB,36,19
386,BAADCCAAABBCDCBDADAABADCBCAAACADAAAADDADBCDCCDADADCCAACADABBCABDBBCBABCBBCAABABCCADABDABACADBCDDAABD,36,21
387,BCDBCADABACDCAADACDDBDAADADADBDAABDAABBAADBAAACACCBCDDAAACDAACCCCDCBBCDCCCBDDAACACDBAADCAADCADCACAAD,36,25
388,BDBAADAADACADDDACCAAADCCACDCDDDCDAADACAAACDCAACADDCCAACDDADACBAADACDACAADCCDDCCCACDAAABCCDDDCCADDCAC,36,30
389,BCBBBAAAAABBACABAACACABABCDBBABDBABACBABBCACAAAABBABCBBDABABBDBAACDDAABBDABABCABBABBBBBDDAAAADDBABDC,37,12
390,DAAABCCBBBDDBBBADADBAADAACCCDBDBCABBCABDBAAACBBBACABCDDAACBBAABABCAACADABBCDAADBAABAACCDABBBAAAABBAD,37,16
391,AAACDACCCDCBDBDDAAADAADBABCBDABBBBCCDABAABDBDBABCBDDDBAAADBDABABACBAAADBCABCCAAACAAAAABBBACACBBABBCA,37,17
392,ABDADBABDBCABBBBACACCDABCADAADAAAAADDCAAABBCBABAACACBDDBBBACAAAAAAAADBCBCBDABAADCCBADBCCADADCBBBBBBD,37,17
393,CAACBCADABACBBCBABBDABDDBCAABCCADCDBCDBABABDAADBDCADCBAAAAABACADDBADAABBBAAAADADAABBADDCCCCCAACAABBD,37,19
394,DAADBCABCAAAAABBCBCBADBDCBDAACCDBBCACADDCADCCBBDADAAADADAACBAAAABDBCDCADCBCADADACABAAABDAABADCCDCACD,37,22
395,BBADDAADDBDCAABDACDACDADADBDAADCAABAABCBCCADAABBACBCCAAACAACCDADACACADBADABDACDCACCDBBDAABCCDADCAACB,37,23
396,ACCABCADCBDCCCDBCDBDDAACAACBDDACDDDBAACCABAAAACADDAABDAABCDABADABCAAAAACACCCBDDDAABABADDDCBBAAABCDAC,37,23
397,ACCADCACACBBDACABAADCADADDDDABACDBCCADDDADCCCCADAABADBBCBCCAAADDBDDCCDCDAAADDADCACCAAAADCABCAAAACAAD,37,26
398,CDDABCCAACAACDCACBDCDAAACACDCDAAACADDCAACDADDCCAAABCDDAADBBAAACCCABADADDCDDDADACBAACBBCDAAACDCADBABD,37,26
399,ACCCDABAAADADACCCDCBAADDDCADACCAADCACAADBDDDDCADDDADBACADCDCDBACBADDCACAAACAADCAABBBCACCADCACAAACDDA,37,27
400,AACDAAADDDACCCCBACADCCBDADDCADDCADADAAACDDCABADAADDAAACACACCDCCDCBCACCACBACDDDDDBACAAAACAAADABADDCDC,37,28
401,DBACCDDAAADCDDAADCBDCAACDACCADADDACCCBAADDACAACADDDDADDCCAAABAAACDADCADCADAAACDCCCDAACCADAACBCDCACCD,37,29
402,ABBABABAABAABBAADBABAAACBBABBBBBBAABBAABBBAABBBAABABBABBADABABBCBCBBCDBAAABBDCBABAAABCDAABBDCDBBBAAB,38,7
403,ACDBABABAABDDBABABBDBDBABBCDABCBBAAACBBACABDABABADBDABAAAAAABBBAACAAACAABBDAAADCBCCDBDBCACDCCABAABBB,38,14
404,ADDDAAABBBBAABAAAAADADBBBADCDCAACDCABCDBADDABAAABACABBCBCABBADCDBCDBABCABABBABDAACCADABACBBAABABABCC,38,16
405,BBABCBBAAABABACBCAABBDBADCABDABADACBACABDAABACAACBACCBABACBABBAADACADBDBADAAAADCADCBDABDDACCBABCADDD,38,17
406,AAACAACDBBAABAABDADADCCDDABACAADBCDBDBADAAACCBBBCDAAADABBDACAAACBADCCBCBBACBDCAAAAACCABBDDBADAABCBDB,38,19
407,BCAABDABDCCCADAAABADBCAAACAABBCDADCBCBAADCADBBBABDCAAACAADCBDDBDDCADABAABADABDABABABADCBCAACADBBAACC,38,19
408,BCAADDCCCACBDDBDABBAAAABDDADAADCADDBBACCAACDCDAAABADCAADDBDBCACAAAABACACADAACDAAADBBCCDCDBACBBABACAC,38,22
409,ABABCACCDDCAAADCDDBACBADCAABCBBAADCCADADBADAABACACADDBACCADABADAACDBCDADADDCCACAAACABACACDABADCDDBAB,38,23
410,AADADABBCCDBABCDBADABDCCCCADACABAADDADAAADCDCDCADADCADCADCCAADCDAACCCADDACBACAADCACADDADDCCAAAAADACC,38,27
411,BABAAACBCABBBBBBDAAAAABBBBDACABAABACBBBBADABDBAABAADBAAABACBBAABABBCCBBAABDBBAABBBBBABAADACBBABAABBD,39,8
412,ACDABBBBCADBCDBABADCCBBBADABBCBADDCBADBDBCCCBACDDBAADAACAAAAABBABBDCAABDACAAAAABAADBCABAAAADAABAABBC,39,16
413,BABCDCABBABDABCBCBADBADCAAADBBAAAAAABACAAAAAADBDBABBADCDBBAADAACCCCDDAABACDAAACADDDABCDBBDBCAABCCCAB,39,18
414,ACCBCADAABBAAADDADBBDBCAAACACCCDAABBDCDADADDACAACCACBACAABDABABBDCBCACBDABBBDBBABAADAAAABACBAAACADDD,39,19
415,CDAAADBADCDDBCAACAAADACCAAACDDACACCDDAAAADAACAACACACADAACCCACDACDCCADCDCDDDCCDACADDADDDDBCAAAABADBCD,39,28
416,BADBBACCAABCAADBCADAABACACADABADCCADBBDADDBAAACBCBBCACBBABBAAABABBABBBABBAABBADDBADAAACAAABAABDCACDD,40,15
417,ACBADABDBBADABACBBDCBBBAACCDBBAACBBBBDDAABDAABBADBDADDDABDABACBCAAACAAACBACACCADAAACACAAAAADAACBBADC,40,17
418,BADDCADABACBADCBCDCDBBAABBAACBDAABAAADDADADADCCAABDABBAAAABCBAADADDCBBBAAAACABADABAACACDADCCBACABCCC,40,19
419,AADCBBCADBCCCCDABADADBBAAAACBDCBCAAACDAACDDDABBCBCCDAADDAADAAAACCADCABBAADCBACAAAAADBABDCCDBAAAAADBD,40,21
420,AACCCBADDAABABAABACDCAACADAAACDAACABAABAACCDBBDDADDDCCACADBACCBACAADAAAAABDCDDADDACBCDBBADACBACDCBDA,40,22
421,CAAACACCACCDAACBAACBABAADDADCACACDDACDDACDDAACDBCDADACDAADABCCCAAABCDADAAAADBBADAABDCBAACADCCBBAADDD,40,24
422,ACBDACACDAADDCADDDAACCDDDAAADADACACDCCAAADCABAADCCAACCAADDCCAAAACDADACDDBCDAACBCADAAAADCBCDACBDCADCA,40,27
423,AABBBADAAACAAABAAACBCAADAAABABACCBDBBABABADDABBAAABBABBDBABBBABBCBBBDBADCADDCCADBCAACCBBABAABBAAAABD,41,12
424,BADAABBDACDABBBDCBAAABBAACABCDBDCABAADCAACAABCABBBCBACACDAACAAACBDDABADAADDAABAABCBDDBAADBAAAACBCABB,41,16
425,AAAAAAADAAABABDACCDDACABCAAABAACBABBCABBACDAABADABAABDDDBAABBCBABBCDDDACBBACDAACCCBBDDBAACDBAACADBCA,41,17
426,ABCBDDAAACADBAADCDCCCDBDDBACBABCBBBACAAAADAABDDBADAAACDCACBDBAABAAAADCABDBADCBADBCAACAACACABAABAAACD,41,19
427,AADDBDABABCADACAAADDCADCDCBCBCDCABBABCABACDABCBCCBCAADADAAAAAAADCAAAAADCAACBCCDAABADDDDAAACABBADCDAB,41,21
428,ABBADBBADACADBABBABAAABBBAAAACABBABDBBABAAACADAABBBBDAACBBACABBDABCADAAACCACABBABBBADBAABADCAABACBBD,42,11
429,ACDABBAAABBDAACDABBBBCAABADBDACBAAADBBBADBBBAACABBDABAAABBAABBABAAAACDCCABAABBAAAADACAABBBCBAACDBBBB,42,11
430,AABBBDBAAABBAAADBABACBBAAAACACBAAABCDAADDBAABBBCBAADBABADBCAAAACBBCBAABAAAAAABDBACBDABDBBBABBBCDBCAB,42,11
431,BAABDCABAACCACBAADBDAADDADAAAAADBCDDABCAABDAAADADCBCCBAACCACAACCCADACADDDACDACDABACCCAABACAADADDCDAD,42,23
432,AADCCCADDCBDDDCAAADCAACADCABBADCCBDBAAACADCAADACCDDAADCAAAACACBBADCAAAADDBDAAACADDABACBCCADADAAABACB,42,23
433,ABDDCACCCABAABDAAADCCCDAABAAADCABADCCAADDDCBCDABACABCDAAAAACABACCCAAAAADACCDACDABCDDADDDDCAADDACAADA,42,24
434,BAABBABACBABCABBBABBABABABAAABBAADBBBBBAAAAAAAABAAABBBADDBBAABABAAABBAACAAADBBABBBBABACABBDABCBBBBBB,43,5
435,ABABAABCAABABBBABBAAAAAAAADBABBBBDBBBABCABAABABABBAABBAADABDACAABBAAADAAACBBADBBBDBAAABACBBBBCBBCCAD,43,8
436,CABBBBAABACABBDBBBAABDBBBCABABDBAACABBABBAAACAAAAABADADDADCBBABACBAADABDAAACADAAAABCBABABBAACAABBBDC,43,11
437,AACAABBAABAACDABBCBAABDCACABAAAAAADABAAABACDDBBAADCBCBBADAADABABBADCAABCBBBADDCBDAABCBAABBABBABABACD,43,13
438,BAABDADBAAADCBDCCBBAADAABDBBCBBBBACAAACAAABBCAACACDBACDBABABAAABAAAABABDAAAADCABBBCADBAAADABDBCDABAC,43,14
439,BCACAABBBBBAAABAABAAADDABABDABABADBBADAAAABDDBCCCCCADAACDCAABDAAAADAADBACBACCBACABAAAAABCCCDADACDDBD,43,17
440,ADADBAABAAACBCABDCAAADDAABBCDACDADAACCBBDBAAAABCBBAAADAACBACBCAABACCBADCCACAAABCBADBBACAAADDADBADDAD,43,18
441,AACDBBABABBCAAADDDDDABDBDAAADDBCBAACAADBCCAAAABACCBAACCAAAAABAAACBCDDACBBDCBCABBABABAAADACAAAAADCDDC,43,18
442,AADDAADDDCBBDBAAABAABACCACACAABDAACDABADCBAAACCDABACACBCDDCAAABABBCBACAADBDBBABAAAABACDDCAADDCAAACAD,43,19
443,ACABAACDDBCCDBABDBBAADCBCDCCDBAAAABBADAAAAACADAADBABAAACDABAADDACDDACCABABACAACACADBBCAAAAAADACCDDCD,43,20
444,AAAACABCBDAABACAACBCBCDDAADBBDCCBAABACDAAABAADADADADDAAAAACCCCDBDADDDDCABBAAABCAACDACAACACBDCDDAAAAC,43,21
445,ADACAADAAAACDACACADDBBDDACACCBDAAABAACAADAAADBACDCDABDAADACABBDDADAAABCCBAACDCACAACADCCBCDCCDDADAAAC,43,23
446,AAADAADCCADDDBAADAAAAAACDCDAACCACADDAADACAABACDDDDACBACAACDACACBBCCADADACDCBCAACADBDCDACDACAADADAACC,43,25
447,BABBBAAABABBABACAABCBADBADAADAABABACABBAAABBBAAAABAAABABBBBAABBBCCBDDADBABABBBABCDABABBAAAABBBAAABBC,44,7
448,BABBDBDBAACBABBBAACCCAAAAABBDADDAAAACDBCDBCCABABABAACDDAAAACBACAABBAADBCABDACBDBAABDAAABCBAAACAAADAD,44,15
449,AABADBCABBAABAACAAADACADBABAABABBCABACADDAACCAACDDBCAAADDDBACDACAABAABADAACCBBBABAAACADDBBDABAABBCBB,44,15
450,AABACCACADCBABCAABCBABAADABDDABAABBABBAACABADAAAABDDCAABCBCACAABAABAAAABAAAACDCDDBDDBCBAAAADBDADCBDC,44,16
451,AAACAAABACACABAAAABAACABACAADBCACACDACBBAAAADDCBBCAADDAAAADDDCABACABAADBBDABBBDBACDCDAAACBABDDBDCACD,44,18
452,AADCDDCABDCAABBDABAAADBABDADDACBDABABABAACCCDCADACAAAAACBADBBBAACCDDACACADAACAAABAADABABABAAACCCDBAB,44,18
453,CCAAADAADDDDABBADACADCDBABACCCADACAACBBDAAAACCABCABABDAACDBCACACADAADAADBBACADCAAAAABCDDBAABADAABCAD,44,20
454,CABDCADAADDCDADADDACCAAACACACACDAADCBACDCDACADAACAACCDDDADCCDCADAAACCAAAABDCADABAADAADACADDCAAACACAD,44,26
455,BBAAABADCACCABBCAABDBADCBBDAABBABAAADABABBAACBAABBABAABADBCDABCAABCBBAAADCAABDAABABBAAAAAAABBBADBACD,45,11
456,ADCDCDAAAACBADACACAAAABCDCDDBADAAABDDDBAADBAAAADADAACCCABAACACCAADACDCDCADCABDAAAAAAABDCCABBACAACDCD,45,22
457,AABBDBBCDBAAAABABAABADAABACDBAABAABAADBCABBDDAABCABACBDAABAACABAABABABBBBDABBACCABBABACADABAAAABABCA,46,10
458,ABBDABBCAAAACABADAABCABACBAAACAADDBACACADAABBAADDDDABABAABADCABDCCBAACACADAAABADCDADACBAABACACADADBC,46,17
459,CAAACBBDADBDBAAAAADCBCABADCAAADACBAADDDBACBAAABADAAADBDADACACAAAADCCCDAAACBAAAADDCBCBAACACBADBAAADCC,46,19
460,AABCCABAADADAADBAACDCDADBADCDCCAAAABDBADCABDADBADCAADADCDCAACCCAAAAADCADAABABBACDCAAAADAACACCCAADABA,46,21
461,ACBCCAACAAACAACADACABAAABCBACCBBBADDABABABCDDCAABCABACAAAADABACDABDAAABABBDDAAADAAAABADDBBADAABAABBD,47,15
462,BAAAAACBACABAADAAACDAAAABACBDDACBAAABBCDAAAAACBADACDBDAAADDBDAAACACBACBBAABDABDCAAAAABCDDBCCACABABDB,47,16
463,ADAACAACACDAAAADDCCCACAAACCCAADBACCACDDAAAACBAACDAADAAADBBDAABDAACBAADDDDABAABDBDCAAACAABBACABADCDAB,47,20
464,ABCDCAACADCADDAAAAAAAABADABAADCACADDDCCAADCAACAABCACCABDAADAAAADDCACACCCBADDACAADADBDABBADAAACCADCAD,47,22
465,ACAABDCAACBCDAAAACCADCAAAACDABCADDAADCDDCBAACDBDCAAADAAADADAAACBADDACAAAAABCAAADCACAAACCACDDBABDDCDA,47,22
466,CDACAAACADDAACAACAACCACDAAACAACAADCDBDAADAACAADDACACDADAADDAACCCDCDADDABCAAABACDADAAADDADDCCAACAACDC,47,25
467,AAADDBAABCCDAAAAAAAABABDABDADBABCDBACCBDCBBBACAAAABAACACAABAADACBBAAABBCBABBBBBDBBAACAAAAAADAADABABA,48,12
468,BAAAABCADCADACAAABCCBACACCAAABDABCAAACBCCAABBDAADDACAADDDDCDABABAAAACCABADDAACAADAADADADAADAACDCADAC,48,20
469,ACCCDCBAAAAACACDDACADDAADAAACCCAAACAACADBDBDCACAACDAAAADCDDDCACDAAADBAAAAAAACADADDAACCDDACCDDAAAADAC,48,24
470,AAAABBABDADADBBCAAABDBBBACCCAAAABBBBAACAAAAABBBAAADADCABDABBAAABCABDAAABDBDAAACABBAAABABACABCBADACAA,49,11
471,AAAAABACADCAAADACDAABABBBAADBADCCBAAAACAABBBBAADBDCABAACDBACAAAABAAADCAADBDAAAABCABABABABBBABBADABBC,49,12
472,AAABADACBAABBABAABDACAAAABBAADBABBDDCCCBAABABACDBAACBABCADABACAAAABACABABABBBDBDACBAADAACAAAADBAAADA,49,12
473,AAAAAAAACAADADAAABBAAACABBBBDAACADDAAABCBADCBBBCBBAACACAABAACAAAAAAAABDACBBDABDDCABADCBBCADBBDAABABA,49,13
474,AAAADCBAAAAABAAAABDADACACAACADABADCCAAADACCDAADADACDAAADABBAAABAACBBBBADDCABDCADAACCACDADDACAACCDCBA,49,19
475,ADBAADCDACCABAAACDDAACDBCCDCAAAACDAAACACCDADAACDAADACAABDCABADACAAAACAACAADAABCABAAABADDADAAABCDCDDA,49,21
476,AAAAADADCDAAADCCADDAACDDAABDAAAABAADCAABCAADAACDCCBAACAACAACACAADDDCAAADDDAADADCCACAACDACACCDAACBABA,50,22
477,BADAAABCAAAAAABDCBADABDBABAAAAAAABBBDABAABACABBBAAABCBBAAAAACBDABBAABBABABBABBABAAACAABADBCCABAAABAD,51,8
478,BACADCBAADBADBBDAACBAAABBABCBBABBBAAAAAABBABACABAABAABBADBDAABBAAACAABACACAABBAAACDADAACADBAAABAAAAD,51,10
479,AADAAABDAAAAAABBACBBBAAACBABDADBDCABACAAADABAABBBCBBBABDBAAAABAAADABCBCAABAAAABAACACABBDBBAAAAADAACB,51,10
480,ADBDCAAAADAAAAAAAAAADAACAAACBAADBABCBAACBAAABBCABAAABAAABDBBBAAACBABDABABDCBAAAAAADBBBABBBCDDDCCAAAC,51,12
481,AAACDABAAACDAAAAACAACADAABAAABABAACCAACADCBABABDABAADBCAABCADDABCAABABABBDDAABDBACBAAAAAADBBDACDCABA,51,14
482,ADAAAAAACCBAAAAABADDBAADBAABBDABDCACDABDDAACBADCAABAAADABADBACAAABADCCAAACDCAADAACADADACCCAAACACAADC,51,18
483,ADCACACCDAACAAABDACADBCAACACCADACDDDAADAAACAADDDCACDADADDAAACCAAAAACABBCAAAADAACADAACCABAAAADADDADAC,51,22
484,CAABDCDCAAACAABABACAADABACDAAACADBAAAAAADCDABADCABDAACABBBBBCACDABDAADAAABCADABAAAAABADAAAAABBADAACC,52,15
485,ACAAABCCBBAADAACCAADACBCAAAABBAAAAADDDACABAAABDAAADBADADCCCAABABDAAACADDAABADABBADAAADAAAADAACACCBBC,52,16
486,ACBADAAAAAAABAAACDABAABBAAAACDCBDCCADBAAAACABACBDAAAAAADADACDBCAACABAADDDADCCADABBCACCCABAAAAAAADDAD,52,17
487,AADAABDBBACABAAAADABAAAAAACAACAADACADAADABCBCABADBAABACDDCDAADBADBAACADCBCCAAACAAACBAACAAAADDADAADCC,52,17
488,BABBBABBAAABBBBABAAABAABBABABBABAAAAABABBABAAAABBAAAAABBABAABBAABAAAABBBAABABBAAAAABBBBABBAAAABBABBB,53,0
489,BCABBBBAAADAAABABCADCACACAACABCBAAAABAABADADAABAAADAAAAABDBBAAAAABAABBDACACDCCDBBAAAAACABDBBAAAAADAD,53,12
490,ADBACCDAAABADADADCADAADAAAAACCACAAAADDAACBBABBBACDAAAAAAABAAACACDDAACAADACABABACCBACDAAADAACDAAADBCB,53,17
491,AADDDAADDADDAAADAACAAAADADAAADDCCACCDAAAACAADAAACDAACAAADADCCAAACAACDCCAACAADABCACCAADCCADCDAAAACADC,53,23
492,ACABABAABABBDCDAAAABAAAABBABACABCBBBAAACBADDACAABBAAAABAAABAADAAADBABCCAADAAAAADABAABACAAAAAABDAAABB,57,9
493,BAADCACAAABABBCABAAAAAABDAAAAAABBAABADAAABDAADBBBABAADABAAADCCADAACABDACACCAADDAAAAABBABABCBAAAAAAAC,57,11
494,AABAABAADABBCAAAAABDABAAACBAABCCAAADAAADAAAAAAABDBABABCAAABDAAACDDAAAAABCBDCAAABAAADACACDBABCCABAADA,57,12
495,AABAAAAAABAAAADAABAAAACDACAAADCAACDADACABCDBABCACDCAAAAAACCAADDCAADAAAABAAACDABADABCABABDAADBDABAAAC,57,15
496,AAAAAAABAABDCCBCDAACAAAAADACADAAABDAADACADAACDABCABDAABACAACADDCDAAABCAABAADABAAADAAACACAAAAADADCBCA,57,16
497,ACADDAABBBAABAACAAAAAACAAAABAAAAAAABACBDDAAAAABAAACABAAAAAACACBADCBAAAABBBBBDBAACDBAADDADAAABAABACAB,59,10
498,AADAAADCADABBAACBCAAAAAAAAAAAADDCAABCADAAACBACABBAAACAAAAADABCBDABCABAADAAAABADAABAAAABBCCADDADAAACA,59,13
499,AAAABCBAAAAAAAAABBABBAAAABABACABBAADAAAAAAABACAABBABAAACABBBBADAAAACAAABDAADADABBBAACDAABBAAACAAADAB,61,7
